v1,tp,fp,tn,fn,prec,rec,f1,n,noise_vars,cor_vars,linear_vars,minority_size,iter
adaboost_under,140,6299,5901,77,0.0217425066004038,0.645161290322581,0.0420673076923077,41387,6,5,46,0.0186773624568101,151
adaboost_over,0,2,12198,217,0,0,NaN,41387,6,5,46,0.0186773624568101,151
adaboost_smote,62,2583,9617,155,0.0234404536862004,0.285714285714286,0.0433263452131377,41387,6,5,46,0.0186773624568101,151
adaboost_none,1,2,12198,216,0.333333333333333,0.00460829493087558,0.00909090909090909,41387,6,5,46,0.0186773624568101,151
xgboost_under,133,5104,7096,84,0.0253962192094711,0.612903225806452,0.0487715438210488,41387,6,5,46,0.0186773624568101,151
xgboost_over,49,1597,10603,168,0.0297691373025516,0.225806451612903,0.0526033279656468,41387,6,5,46,0.0186773624568101,151
xgboost_smote,67,2294,9906,150,0.0283778060144007,0.308755760368664,0.051978277734678,41387,6,5,46,0.0186773624568101,151
xgboost_none,0,0,12200,217,NaN,0,NaN,41387,6,5,46,0.0186773624568101,151
randomforest_under,140,4760,7440,77,0.0285714285714286,0.645161290322581,0.0547195622435021,41387,6,5,46,0.0186773624568101,151
randomforest_over,0,0,12200,217,NaN,0,NaN,41387,6,5,46,0.0186773624568101,151
randomforest_smote,11,457,11743,206,0.0235042735042735,0.0506912442396313,0.0321167883211679,41387,6,5,46,0.0186773624568101,151
randomforest_none,0,0,12200,217,NaN,0,NaN,41387,6,5,46,0.0186773624568101,151
c50_under,135,6390,5810,82,0.0206896551724138,0.622119815668203,0.0400474636606348,41387,6,5,46,0.0186773624568101,151
c50_over,8,319,11881,209,0.0244648318042813,0.0368663594470046,0.0294117647058824,41387,6,5,46,0.0186773624568101,151
c50_smote,64,3215,8985,153,0.0195181457761513,0.294930875576037,0.0366132723112128,41387,6,5,46,0.0186773624568101,151
c50_none,0,0,12200,217,NaN,0,NaN,41387,6,5,46,0.0186773624568101,151
adaboost_under,153,5818,5046,71,0.0256238486015743,0.683035714285714,0.0493946731234867,36960,4,4,49,0.020995670995671,152
adaboost_over,0,0,10864,224,NaN,0,NaN,36960,4,4,49,0.020995670995671,152
adaboost_smote,68,2297,8567,156,0.0287526427061311,0.303571428571429,0.0525299343375821,36960,4,4,49,0.020995670995671,152
adaboost_none,1,4,10860,223,0.2,0.00446428571428571,0.00873362445414847,36960,4,4,49,0.020995670995671,152
xgboost_under,122,4470,6394,102,0.0265679442508711,0.544642857142857,0.0506644518272425,36960,4,4,49,0.020995670995671,152
xgboost_over,44,1513,9351,180,0.0282594733461785,0.196428571428571,0.0494104435710275,36960,4,4,49,0.020995670995671,152
xgboost_smote,72,2149,8715,152,0.0324178298063935,0.321428571428571,0.0588957055214724,36960,4,4,49,0.020995670995671,152
xgboost_none,0,0,10864,224,NaN,0,NaN,36960,4,4,49,0.020995670995671,152
randomforest_under,132,4387,6477,92,0.029210002212879,0.589285714285714,0.0556609740670462,36960,4,4,49,0.020995670995671,152
randomforest_over,0,0,10864,224,NaN,0,NaN,36960,4,4,49,0.020995670995671,152
randomforest_smote,24,429,10435,200,0.0529801324503311,0.107142857142857,0.0709010339734121,36960,4,4,49,0.020995670995671,152
randomforest_none,0,0,10864,224,NaN,0,NaN,36960,4,4,49,0.020995670995671,152
c50_under,122,4480,6384,102,0.0265102129508909,0.544642857142857,0.0505594695399917,36960,4,4,49,0.020995670995671,152
c50_over,10,378,10486,214,0.0257731958762887,0.0446428571428571,0.0326797385620915,36960,4,4,49,0.020995670995671,152
c50_smote,79,3343,7521,145,0.0230859146697838,0.352678571428571,0.0433351618211739,36960,4,4,49,0.020995670995671,152
c50_none,0,0,10864,224,NaN,0,NaN,36960,4,4,49,0.020995670995671,152
adaboost_under,155,8370,6898,62,0.0181818181818182,0.714285714285714,0.0354609929078014,51615,4,4,39,0.0134457037682844,153
adaboost_over,0,2,15266,217,0,0,NaN,51615,4,4,39,0.0134457037682844,153
adaboost_smote,65,3180,12088,152,0.0200308166409861,0.299539170506912,0.0375505488157135,51615,4,4,39,0.0134457037682844,153
adaboost_none,0,1,15267,217,0,0,NaN,51615,4,4,39,0.0134457037682844,153
xgboost_under,117,6449,8819,100,0.0178190679256777,0.539170506912442,0.0344980097302079,51615,4,4,39,0.0134457037682844,153
xgboost_over,40,1806,13462,177,0.0216684723726977,0.184331797235023,0.0387784779447407,51615,4,4,39,0.0134457037682844,153
xgboost_smote,64,2840,12428,153,0.0220385674931129,0.294930875576037,0.0410124959948734,51615,4,4,39,0.0134457037682844,153
xgboost_none,0,0,15268,217,NaN,0,NaN,51615,4,4,39,0.0134457037682844,153
randomforest_under,146,6341,8927,71,0.0225065515646678,0.672811059907834,0.0435560859188544,51615,4,4,39,0.0134457037682844,153
randomforest_over,0,0,15268,217,NaN,0,NaN,51615,4,4,39,0.0134457037682844,153
randomforest_smote,18,628,14640,199,0.0278637770897833,0.0829493087557604,0.0417149478563152,51615,4,4,39,0.0134457037682844,153
randomforest_none,0,0,15268,217,NaN,0,NaN,51615,4,4,39,0.0134457037682844,153
c50_under,153,10840,4428,64,0.0139179477849541,0.705069124423963,0.0272970561998216,51615,4,4,39,0.0134457037682844,153
c50_over,6,303,14965,211,0.0194174757281553,0.0276497695852535,0.0228136882129278,51615,4,4,39,0.0134457037682844,153
c50_smote,86,5045,10223,131,0.016760865328396,0.3963133640553,0.0321615557217651,51615,4,4,39,0.0134457037682844,153
c50_none,0,0,15268,217,NaN,0,NaN,51615,4,4,39,0.0134457037682844,153
adaboost_under,71,6858,5479,29,0.0102467888584211,0.71,0.0202020202020202,41454,3,3,51,0.00718869107926859,154
adaboost_over,0,1,12336,100,0,0,NaN,41454,3,3,51,0.00718869107926859,154
adaboost_smote,34,2580,9757,66,0.0130068859984698,0.34,0.0250552689756817,41454,3,3,51,0.00718869107926859,154
adaboost_none,0,1,12336,100,0,0,NaN,41454,3,3,51,0.00718869107926859,154
xgboost_under,58,5001,7336,42,0.0114647163471042,0.58,0.0224849777088583,41454,3,3,51,0.00718869107926859,154
xgboost_over,11,779,11558,89,0.0139240506329114,0.11,0.0247191011235955,41454,3,3,51,0.00718869107926859,154
xgboost_smote,27,1976,10361,73,0.0134797803295057,0.27,0.0256776034236805,41454,3,3,51,0.00718869107926859,154
xgboost_none,0,0,12337,100,NaN,0,NaN,41454,3,3,51,0.00718869107926859,154
randomforest_under,57,5179,7158,43,0.0108861726508785,0.57,0.0213643178410795,41454,3,3,51,0.00718869107926859,154
randomforest_over,0,0,12337,100,NaN,0,NaN,41454,3,3,51,0.00718869107926859,154
randomforest_smote,6,288,12049,94,0.0204081632653061,0.06,0.0304568527918782,41454,3,3,51,0.00718869107926859,154
randomforest_none,0,0,12337,100,NaN,0,NaN,41454,3,3,51,0.00718869107926859,154
c50_under,63,5743,6594,37,0.0108508439545298,0.63,0.0213342363697934,41454,3,3,51,0.00718869107926859,154
c50_over,3,157,12180,97,0.01875,0.03,0.0230769230769231,41454,3,3,51,0.00718869107926859,154
c50_smote,35,3137,9200,65,0.0110340479192938,0.35,0.0213936430317848,41454,3,3,51,0.00718869107926859,154
c50_none,0,0,12337,100,NaN,0,NaN,41454,3,3,51,0.00718869107926859,154
adaboost_under,82,4674,4419,45,0.0172413793103448,0.645669291338583,0.0335859103010444,30731,4,4,39,0.0128209300055319,155
adaboost_over,0,1,9092,127,0,0,NaN,30731,4,4,39,0.0128209300055319,155
adaboost_smote,40,1926,7167,87,0.0203458799593082,0.31496062992126,0.0382226469182991,30731,4,4,39,0.0128209300055319,155
adaboost_none,0,0,9093,127,NaN,0,NaN,30731,4,4,39,0.0128209300055319,155
xgboost_under,74,4000,5093,53,0.0181639666175749,0.582677165354331,0.0352297072125684,30731,4,4,39,0.0128209300055319,155
xgboost_over,25,790,8303,102,0.0306748466257669,0.196850393700787,0.0530785562632696,30731,4,4,39,0.0128209300055319,155
xgboost_smote,34,1768,7325,93,0.0188679245283019,0.267716535433071,0.0352514256091239,30731,4,4,39,0.0128209300055319,155
xgboost_none,0,0,9093,127,NaN,0,NaN,30731,4,4,39,0.0128209300055319,155
randomforest_under,75,3559,5534,52,0.0206384149697303,0.590551181102362,0.0398830098378091,30731,4,4,39,0.0128209300055319,155
randomforest_over,0,0,9093,127,NaN,0,NaN,30731,4,4,39,0.0128209300055319,155
randomforest_smote,6,341,8752,121,0.0172910662824208,0.047244094488189,0.0253164556962025,30731,4,4,39,0.0128209300055319,155
randomforest_none,0,0,9093,127,NaN,0,NaN,30731,4,4,39,0.0128209300055319,155
c50_under,69,4210,4883,58,0.0161252629118953,0.543307086614173,0.0313209260099864,30731,4,4,39,0.0128209300055319,155
c50_over,3,169,8924,124,0.0174418604651163,0.0236220472440945,0.020066889632107,30731,4,4,39,0.0128209300055319,155
c50_smote,40,2222,6871,87,0.017683465959328,0.31496062992126,0.0334868145667643,30731,4,4,39,0.0128209300055319,155
c50_none,0,0,9093,127,NaN,0,NaN,30731,4,4,39,0.0128209300055319,155
adaboost_under,70,5435,5019,31,0.0127157129881926,0.693069306930693,0.0249732429539779,35181,4,3,39,0.0114550467581933,156
adaboost_over,0,1,10453,101,0,0,NaN,35181,4,3,39,0.0114550467581933,156
adaboost_smote,35,2300,8154,66,0.0149892933618844,0.346534653465347,0.028735632183908,35181,4,3,39,0.0114550467581933,156
adaboost_none,0,0,10454,101,NaN,0,NaN,35181,4,3,39,0.0114550467581933,156
xgboost_under,60,4710,5744,41,0.0125786163522013,0.594059405940594,0.0246355984397454,35181,4,3,39,0.0114550467581933,156
xgboost_over,20,1138,9316,81,0.0172711571675302,0.198019801980198,0.0317712470214456,35181,4,3,39,0.0114550467581933,156
xgboost_smote,27,2028,8426,74,0.0131386861313869,0.267326732673267,0.0250463821892393,35181,4,3,39,0.0114550467581933,156
xgboost_none,0,0,10454,101,NaN,0,NaN,35181,4,3,39,0.0114550467581933,156
randomforest_under,58,4364,6090,43,0.013116236996834,0.574257425742574,0.0256466946716781,35181,4,3,39,0.0114550467581933,156
randomforest_over,0,0,10454,101,NaN,0,NaN,35181,4,3,39,0.0114550467581933,156
randomforest_smote,4,408,10046,97,0.00970873786407767,0.0396039603960396,0.0155945419103314,35181,4,3,39,0.0114550467581933,156
randomforest_none,0,0,10454,101,NaN,0,NaN,35181,4,3,39,0.0114550467581933,156
c50_under,78,6378,4076,23,0.0120817843866171,0.772277227722772,0.0237913680036602,35181,4,3,39,0.0114550467581933,156
c50_over,3,217,10237,98,0.0136363636363636,0.0297029702970297,0.0186915887850467,35181,4,3,39,0.0114550467581933,156
c50_smote,41,2887,7567,60,0.0140027322404372,0.405940594059406,0.0270716408055464,35181,4,3,39,0.0114550467581933,156
c50_none,0,0,10454,101,NaN,0,NaN,35181,4,3,39,0.0114550467581933,156
adaboost_under,138,6329,5724,79,0.0213391062316375,0.63594470046083,0.0412926391382406,40897,3,3,37,0.0164315230946035,157
adaboost_over,0,4,12049,217,0,0,NaN,40897,3,3,37,0.0164315230946035,157
adaboost_smote,68,2467,9586,149,0.0268244575936884,0.313364055299539,0.0494186046511628,40897,3,3,37,0.0164315230946035,157
adaboost_none,0,3,12050,217,0,0,NaN,40897,3,3,37,0.0164315230946035,157
xgboost_under,113,4676,7377,104,0.0235957402380455,0.52073732718894,0.045145825009988,40897,3,3,37,0.0164315230946035,157
xgboost_over,42,1430,10623,175,0.0285326086956522,0.193548387096774,0.0497335701598579,40897,3,3,37,0.0164315230946035,157
xgboost_smote,56,2105,9948,161,0.025913928736696,0.258064516129032,0.0470984020185029,40897,3,3,37,0.0164315230946035,157
xgboost_none,0,0,12053,217,NaN,0,NaN,40897,3,3,37,0.0164315230946035,157
randomforest_under,128,4625,7428,89,0.0269303597727751,0.589861751152074,0.0515090543259557,40897,3,3,37,0.0164315230946035,157
randomforest_over,0,0,12053,217,NaN,0,NaN,40897,3,3,37,0.0164315230946035,157
randomforest_smote,9,583,11470,208,0.0152027027027027,0.0414746543778802,0.0222496909765142,40897,3,3,37,0.0164315230946035,157
randomforest_none,0,0,12053,217,NaN,0,NaN,40897,3,3,37,0.0164315230946035,157
c50_under,117,5463,6590,100,0.0209677419354839,0.539170506912442,0.040365706399862,40897,3,3,37,0.0164315230946035,157
c50_over,6,263,11790,211,0.0223048327137546,0.0276497695852535,0.0246913580246914,40897,3,3,37,0.0164315230946035,157
c50_smote,74,3450,8603,143,0.0209988649262202,0.341013824884793,0.0395616145415664,40897,3,3,37,0.0164315230946035,157
c50_none,0,0,12053,217,NaN,0,NaN,40897,3,3,37,0.0164315230946035,157
adaboost_under,86,5712,5108,46,0.0148327009313556,0.651515151515151,0.0290050590219224,36505,4,3,34,0.011724421312149,158
adaboost_over,0,0,10820,132,NaN,0,NaN,36505,4,3,34,0.011724421312149,158
adaboost_smote,39,2244,8576,93,0.0170827858081472,0.295454545454545,0.0322981366459627,36505,4,3,34,0.011724421312149,158
adaboost_none,0,0,10820,132,NaN,0,NaN,36505,4,3,34,0.011724421312149,158
xgboost_under,71,4676,6144,61,0.0149568148304192,0.537878787878788,0.0291043246566919,36505,4,3,34,0.011724421312149,158
xgboost_over,23,1384,9436,109,0.0163468372423596,0.174242424242424,0.0298895386614685,36505,4,3,34,0.011724421312149,158
xgboost_smote,37,2135,8685,95,0.0170349907918969,0.28030303030303,0.0321180555555556,36505,4,3,34,0.011724421312149,158
xgboost_none,0,0,10820,132,NaN,0,NaN,36505,4,3,34,0.011724421312149,158
randomforest_under,76,4411,6409,56,0.0169378203699577,0.575757575757576,0.0329075557479974,36505,4,3,34,0.011724421312149,158
randomforest_over,0,0,10820,132,NaN,0,NaN,36505,4,3,34,0.011724421312149,158
randomforest_smote,12,704,10116,120,0.0167597765363128,0.0909090909090909,0.0283018867924528,36505,4,3,34,0.011724421312149,158
randomforest_none,0,0,10820,132,NaN,0,NaN,36505,4,3,34,0.011724421312149,158
c50_under,88,6414,4406,44,0.0135342971393417,0.666666666666667,0.0265299969852276,36505,4,3,34,0.011724421312149,158
c50_over,4,171,10649,128,0.0228571428571429,0.0303030303030303,0.0260586319218241,36505,4,3,34,0.011724421312149,158
c50_smote,43,3204,7616,89,0.0132429935324915,0.325757575757576,0.0254513169576798,36505,4,3,34,0.011724421312149,158
c50_none,0,0,10820,132,NaN,0,NaN,36505,4,3,34,0.011724421312149,158
adaboost_under,20,7588,4347,8,0.00262881177707676,0.714285714285714,0.00523834468308015,39874,4,4,48,0.00225710989617294,159
adaboost_over,0,9,11926,28,0,0,NaN,39874,4,4,48,0.00225710989617294,159
adaboost_smote,5,2275,9660,23,0.00219298245614035,0.178571428571429,0.00433275563258232,39874,4,4,48,0.00225710989617294,159
adaboost_none,0,0,11935,28,NaN,0,NaN,39874,4,4,48,0.00225710989617294,159
xgboost_under,19,6437,5498,9,0.00294299876084263,0.678571428571429,0.00586057988895743,39874,4,4,48,0.00225710989617294,159
xgboost_over,0,276,11659,28,0,0,NaN,39874,4,4,48,0.00225710989617294,159
xgboost_smote,9,1522,10413,19,0.00587851077726976,0.321428571428571,0.0115458627325208,39874,4,4,48,0.00225710989617294,159
xgboost_none,0,0,11935,28,NaN,0,NaN,39874,4,4,48,0.00225710989617294,159
randomforest_under,17,5134,6801,11,0.0033003300330033,0.607142857142857,0.00656497393319173,39874,4,4,48,0.00225710989617294,159
randomforest_over,0,0,11935,28,NaN,0,NaN,39874,4,4,48,0.00225710989617294,159
randomforest_smote,2,309,11626,26,0.00643086816720257,0.0714285714285714,0.0117994100294985,39874,4,4,48,0.00225710989617294,159
randomforest_none,0,0,11935,28,NaN,0,NaN,39874,4,4,48,0.00225710989617294,159
c50_under,19,6664,5271,9,0.00284303456531498,0.678571428571429,0.00566234540306959,39874,4,4,48,0.00225710989617294,159
c50_over,0,102,11833,28,0,0,NaN,39874,4,4,48,0.00225710989617294,159
c50_smote,10,3185,8750,18,0.00312989045383412,0.357142857142857,0.00620539869686627,39874,4,4,48,0.00225710989617294,159
c50_none,0,0,11935,28,NaN,0,NaN,39874,4,4,48,0.00225710989617294,159
adaboost_under,100,6753,5602,60,0.0145921494236101,0.625,0.028518465706545,41716,5,5,49,0.0134001342410586,160
adaboost_over,0,2,12353,160,0,0,NaN,41716,5,5,49,0.0134001342410586,160
adaboost_smote,43,2638,9717,117,0.0160387914957106,0.26875,0.0302710313269975,41716,5,5,49,0.0134001342410586,160
adaboost_none,0,2,12353,160,0,0,NaN,41716,5,5,49,0.0134001342410586,160
xgboost_under,96,5511,6844,64,0.0171214553237025,0.6,0.0332928732443211,41716,5,5,49,0.0134001342410586,160
xgboost_over,19,1478,10877,141,0.0126920507682031,0.11875,0.0229330114665057,41716,5,5,49,0.0134001342410586,160
xgboost_smote,37,2325,10030,123,0.0156646909398815,0.23125,0.0293417922283902,41716,5,5,49,0.0134001342410586,160
xgboost_none,0,0,12355,160,NaN,0,NaN,41716,5,5,49,0.0134001342410586,160
randomforest_under,93,5208,7147,67,0.0175438596491228,0.58125,0.0340596960263688,41716,5,5,49,0.0134001342410586,160
randomforest_over,0,0,12355,160,NaN,0,NaN,41716,5,5,49,0.0134001342410586,160
randomforest_smote,8,331,12024,152,0.023598820058997,0.05,0.032064128256513,41716,5,5,49,0.0134001342410586,160
randomforest_none,0,0,12355,160,NaN,0,NaN,41716,5,5,49,0.0134001342410586,160
c50_under,93,5836,6519,67,0.0156856130882105,0.58125,0.030546887830514,41716,5,5,49,0.0134001342410586,160
c50_over,1,208,12147,159,0.00478468899521531,0.00625,0.00542005420054201,41716,5,5,49,0.0134001342410586,160
c50_smote,56,3101,9254,104,0.0177383592017738,0.35,0.0337654507084715,41716,5,5,49,0.0134001342410586,160
c50_none,0,0,12355,160,NaN,0,NaN,41716,5,5,49,0.0134001342410586,160
adaboost_under,109,8089,6683,56,0.0132959258355697,0.660606060606061,0.0260672007652756,49789,5,5,52,0.0114081423607624,161
adaboost_over,0,1,14771,165,0,0,NaN,49789,5,5,52,0.0114081423607624,161
adaboost_smote,59,3260,11512,106,0.0177764386863513,0.357575757575758,0.0338691159586682,49789,5,5,52,0.0114081423607624,161
adaboost_none,0,0,14772,165,NaN,0,NaN,49789,5,5,52,0.0114081423607624,161
xgboost_under,101,6436,8336,64,0.0154505124674927,0.612121212121212,0.030140256639809,49789,5,5,52,0.0114081423607624,161
xgboost_over,25,1391,13381,140,0.0176553672316384,0.151515151515152,0.0316255534471853,49789,5,5,52,0.0114081423607624,161
xgboost_smote,44,2848,11924,121,0.0152143845089903,0.266666666666667,0.0287863918874714,49789,5,5,52,0.0114081423607624,161
xgboost_none,0,0,14772,165,NaN,0,NaN,49789,5,5,52,0.0114081423607624,161
randomforest_under,105,6015,8757,60,0.017156862745098,0.636363636363636,0.0334128878281623,49789,5,5,52,0.0114081423607624,161
randomforest_over,0,0,14772,165,NaN,0,NaN,49789,5,5,52,0.0114081423607624,161
randomforest_smote,6,409,14363,159,0.0144578313253012,0.0363636363636364,0.0206896551724138,49789,5,5,52,0.0114081423607624,161
randomforest_none,0,0,14772,165,NaN,0,NaN,49789,5,5,52,0.0114081423607624,161
c50_under,96,6937,7835,69,0.0136499360159249,0.581818181818182,0.026674076132259,49789,5,5,52,0.0114081423607624,161
c50_over,2,247,14525,163,0.00803212851405622,0.0121212121212121,0.00966183574879227,49789,5,5,52,0.0114081423607624,161
c50_smote,53,4087,10685,112,0.0128019323671498,0.321212121212121,0.0246225319396051,49789,5,5,52,0.0114081423607624,161
c50_none,0,0,14772,165,NaN,0,NaN,49789,5,5,52,0.0114081423607624,161
adaboost_under,178,6610,6257,79,0.0262227460223925,0.692607003891051,0.0505322924059617,43744,3,3,36,0.0199570226773958,162
adaboost_over,0,0,12867,257,NaN,0,NaN,43744,3,3,36,0.0199570226773958,162
adaboost_smote,94,2991,9876,163,0.0304700162074554,0.365758754863813,0.0562537402752843,43744,3,3,36,0.0199570226773958,162
adaboost_none,0,8,12859,257,0,0,NaN,43744,3,3,36,0.0199570226773958,162
xgboost_under,174,5302,7565,83,0.0317750182615048,0.67704280155642,0.0607012035583464,43744,3,3,36,0.0199570226773958,162
xgboost_over,61,1840,11027,196,0.0320883745397159,0.237354085603113,0.056533827618165,43744,3,3,36,0.0199570226773958,162
xgboost_smote,84,2483,10384,173,0.0327230229840281,0.326848249027237,0.0594900849858357,43744,3,3,36,0.0199570226773958,162
xgboost_none,0,0,12867,257,NaN,0,NaN,43744,3,3,36,0.0199570226773958,162
randomforest_under,163,5203,7664,94,0.0303764442787924,0.634241245136187,0.0579761693046417,43744,3,3,36,0.0199570226773958,162
randomforest_over,0,0,12867,257,NaN,0,NaN,43744,3,3,36,0.0199570226773958,162
randomforest_smote,26,577,12290,231,0.0431177446102819,0.101167315175097,0.0604651162790698,43744,3,3,36,0.0199570226773958,162
randomforest_none,0,0,12867,257,NaN,0,NaN,43744,3,3,36,0.0199570226773958,162
c50_under,170,7050,5817,87,0.0235457063711911,0.66147859922179,0.0454727832018189,43744,3,3,36,0.0199570226773958,162
c50_over,12,375,12492,245,0.0310077519379845,0.0466926070038911,0.0372670807453416,43744,3,3,36,0.0199570226773958,162
c50_smote,92,3439,9428,165,0.0260549419427924,0.357976653696498,0.0485744456177402,43744,3,3,36,0.0199570226773958,162
c50_none,0,0,12867,257,NaN,0,NaN,43744,3,3,36,0.0199570226773958,162
adaboost_under,138,5422,4753,51,0.0248201438848921,0.73015873015873,0.0480083492781353,34544,2,3,48,0.0204087540528022,163
adaboost_over,0,1,10174,189,0,0,NaN,34544,2,3,48,0.0204087540528022,163
adaboost_smote,57,2212,7963,132,0.0251211987659762,0.301587301587302,0.0463791700569569,34544,2,3,48,0.0204087540528022,163
adaboost_none,0,4,10171,189,0,0,NaN,34544,2,3,48,0.0204087540528022,163
xgboost_under,132,4336,5839,57,0.0295434198746643,0.698412698412698,0.0566888554863646,34544,2,3,48,0.0204087540528022,163
xgboost_over,35,1123,9052,154,0.0302245250431779,0.185185185185185,0.0519673348181143,34544,2,3,48,0.0204087540528022,163
xgboost_smote,49,1894,8281,140,0.0252187339166238,0.259259259259259,0.0459662288930582,34544,2,3,48,0.0204087540528022,163
xgboost_none,0,1,10174,189,0,0,NaN,34544,2,3,48,0.0204087540528022,163
randomforest_under,131,3972,6203,58,0.0319278576651231,0.693121693121693,0.0610438024231128,34544,2,3,48,0.0204087540528022,163
randomforest_over,0,0,10175,189,NaN,0,NaN,34544,2,3,48,0.0204087540528022,163
randomforest_smote,17,320,9855,172,0.0504451038575668,0.0899470899470899,0.064638783269962,34544,2,3,48,0.0204087540528022,163
randomforest_none,0,0,10175,189,NaN,0,NaN,34544,2,3,48,0.0204087540528022,163
c50_under,135,5696,4479,54,0.0231521179900532,0.714285714285714,0.0448504983388704,34544,2,3,48,0.0204087540528022,163
c50_over,6,293,9882,183,0.020066889632107,0.0317460317460317,0.0245901639344262,34544,2,3,48,0.0204087540528022,163
c50_smote,59,2638,7537,130,0.0218761586948461,0.312169312169312,0.0408870408870409,34544,2,3,48,0.0204087540528022,163
c50_none,0,0,10175,189,NaN,0,NaN,34544,2,3,48,0.0204087540528022,163
adaboost_under,99,5508,5043,63,0.0176565008025682,0.611111111111111,0.0343213728549142,35710,4,3,36,0.0147577709325119,164
adaboost_over,0,1,10550,162,0,0,NaN,35710,4,3,36,0.0147577709325119,164
adaboost_smote,51,2182,8369,111,0.0228392297357815,0.314814814814815,0.0425887265135699,35710,4,3,36,0.0147577709325119,164
adaboost_none,0,1,10550,162,0,0,NaN,35710,4,3,36,0.0147577709325119,164
xgboost_under,94,4153,6398,68,0.0221332705439134,0.580246913580247,0.042640054434112,35710,4,3,36,0.0147577709325119,164
xgboost_over,32,1137,9414,130,0.0273738237810094,0.197530864197531,0.048084147257701,35710,4,3,36,0.0147577709325119,164
xgboost_smote,56,2133,8418,106,0.0255824577432618,0.345679012345679,0.0476393024245002,35710,4,3,36,0.0147577709325119,164
xgboost_none,0,0,10551,162,NaN,0,NaN,35710,4,3,36,0.0147577709325119,164
randomforest_under,93,4146,6405,69,0.0219391365888181,0.574074074074074,0.0422631220177232,35710,4,3,36,0.0147577709325119,164
randomforest_over,0,0,10551,162,NaN,0,NaN,35710,4,3,36,0.0147577709325119,164
randomforest_smote,15,531,10020,147,0.0274725274725275,0.0925925925925926,0.0423728813559322,35710,4,3,36,0.0147577709325119,164
randomforest_none,0,0,10551,162,NaN,0,NaN,35710,4,3,36,0.0147577709325119,164
c50_under,73,4092,6459,89,0.0175270108043217,0.450617283950617,0.0337416223711578,35710,4,3,36,0.0147577709325119,164
c50_over,4,246,10305,158,0.016,0.0246913580246914,0.0194174757281553,35710,4,3,36,0.0147577709325119,164
c50_smote,68,3394,7157,94,0.0196418255343732,0.419753086419753,0.0375275938189845,35710,4,3,36,0.0147577709325119,164
c50_none,0,0,10551,162,NaN,0,NaN,35710,4,3,36,0.0147577709325119,164
adaboost_under,119,5142,4730,71,0.0226192739022999,0.626315789473684,0.0436617134470739,33537,2,3,43,0.0193815785550288,165
adaboost_over,0,1,9871,190,0,0,NaN,33537,2,3,43,0.0193815785550288,165
adaboost_smote,71,2097,7775,119,0.0327490774907749,0.373684210526316,0.0602205258693808,33537,2,3,43,0.0193815785550288,165
adaboost_none,0,2,9870,190,0,0,NaN,33537,2,3,43,0.0193815785550288,165
xgboost_under,104,4102,5770,86,0.0247265810746553,0.547368421052632,0.0473157415832575,33537,2,3,43,0.0193815785550288,165
xgboost_over,42,1405,8467,148,0.0290255701451279,0.221052631578947,0.0513133781307269,33537,2,3,43,0.0193815785550288,165
xgboost_smote,57,1846,8026,133,0.0299527062532843,0.3,0.0544672718585762,33537,2,3,43,0.0193815785550288,165
xgboost_none,0,0,9872,190,NaN,0,NaN,33537,2,3,43,0.0193815785550288,165
randomforest_under,112,3662,6210,78,0.0296767355590885,0.589473684210526,0.0565085771947528,33537,2,3,43,0.0193815785550288,165
randomforest_over,0,0,9872,190,NaN,0,NaN,33537,2,3,43,0.0193815785550288,165
randomforest_smote,13,374,9498,177,0.0335917312661499,0.068421052631579,0.0450606585788562,33537,2,3,43,0.0193815785550288,165
randomforest_none,0,2,9870,190,0,0,NaN,33537,2,3,43,0.0193815785550288,165
c50_under,127,5506,4366,63,0.0225457127640689,0.668421052631579,0.04362012708226,33537,2,3,43,0.0193815785550288,165
c50_over,4,279,9593,186,0.0141342756183746,0.0210526315789474,0.0169133192389006,33537,2,3,43,0.0193815785550288,165
c50_smote,60,2667,7205,130,0.022002200220022,0.315789473684211,0.0411381556393555,33537,2,3,43,0.0193815785550288,165
c50_none,0,0,9872,190,NaN,0,NaN,33537,2,3,43,0.0193815785550288,165
adaboost_under,99,6056,4638,50,0.0160844841592201,0.664429530201342,0.0314086294416244,36142,4,3,47,0.0130595982513419,166
adaboost_over,0,0,10694,149,NaN,0,NaN,36142,4,3,47,0.0130595982513419,166
adaboost_smote,40,2328,8366,109,0.0168918918918919,0.268456375838926,0.0317838696861343,36142,4,3,47,0.0130595982513419,166
adaboost_none,0,0,10694,149,NaN,0,NaN,36142,4,3,47,0.0130595982513419,166
xgboost_under,79,4623,6071,70,0.0168013611229264,0.530201342281879,0.0325706039991754,36142,4,3,47,0.0130595982513419,166
xgboost_over,26,1280,9414,123,0.0199081163859112,0.174496644295302,0.0357388316151203,36142,4,3,47,0.0130595982513419,166
xgboost_smote,42,1976,8718,107,0.020812685827552,0.281879194630872,0.0387632671896631,36142,4,3,47,0.0130595982513419,166
xgboost_none,0,0,10694,149,NaN,0,NaN,36142,4,3,47,0.0130595982513419,166
randomforest_under,80,4384,6310,69,0.017921146953405,0.536912751677852,0.0346845870366356,36142,4,3,47,0.0130595982513419,166
randomforest_over,0,0,10694,149,NaN,0,NaN,36142,4,3,47,0.0130595982513419,166
randomforest_smote,6,385,10309,143,0.0153452685421995,0.0402684563758389,0.0222222222222222,36142,4,3,47,0.0130595982513419,166
randomforest_none,0,0,10694,149,NaN,0,NaN,36142,4,3,47,0.0130595982513419,166
c50_under,76,5102,5592,73,0.0146774816531479,0.51006711409396,0.0285338839872348,36142,4,3,47,0.0130595982513419,166
c50_over,4,181,10513,145,0.0216216216216216,0.0268456375838926,0.0239520958083832,36142,4,3,47,0.0130595982513419,166
c50_smote,46,3061,7633,103,0.0148052784036048,0.308724832214765,0.0282555282555283,36142,4,3,47,0.0130595982513419,166
c50_none,0,0,10694,149,NaN,0,NaN,36142,4,3,47,0.0130595982513419,166
adaboost_under,118,7237,5503,49,0.016043507817811,0.706586826347305,0.0313746344057432,43020,2,3,51,0.0138540213854021,167
adaboost_over,0,0,12740,167,NaN,0,NaN,43020,2,3,51,0.0138540213854021,167
adaboost_smote,42,2628,10112,125,0.0157303370786517,0.251497005988024,0.0296087416284808,43020,2,3,51,0.0138540213854021,167
adaboost_none,1,2,12738,166,0.333333333333333,0.00598802395209581,0.0117647058823529,43020,2,3,51,0.0138540213854021,167
xgboost_under,108,5575,7165,59,0.0190040471581911,0.646706586826347,0.0369230769230769,43020,2,3,51,0.0138540213854021,167
xgboost_over,34,1347,11393,133,0.0246198406951484,0.203592814371257,0.0439276485788114,43020,2,3,51,0.0138540213854021,167
xgboost_smote,46,2419,10321,121,0.0186612576064909,0.275449101796407,0.0349544072948328,43020,2,3,51,0.0138540213854021,167
xgboost_none,0,0,12740,167,NaN,0,NaN,43020,2,3,51,0.0138540213854021,167
randomforest_under,107,5277,7463,60,0.0198736998514116,0.640718562874252,0.0385516123221041,43020,2,3,51,0.0138540213854021,167
randomforest_over,0,0,12740,167,NaN,0,NaN,43020,2,3,51,0.0138540213854021,167
randomforest_smote,6,388,12352,161,0.0152284263959391,0.0359281437125748,0.0213903743315508,43020,2,3,51,0.0138540213854021,167
randomforest_none,0,0,12740,167,NaN,0,NaN,43020,2,3,51,0.0138540213854021,167
c50_under,86,5701,7039,81,0.0148608951097287,0.514970059880239,0.0288881424252603,43020,2,3,51,0.0138540213854021,167
c50_over,5,284,12456,162,0.0173010380622837,0.029940119760479,0.0219298245614035,43020,2,3,51,0.0138540213854021,167
c50_smote,54,3328,9412,113,0.015966883500887,0.323353293413174,0.0304311073541843,43020,2,3,51,0.0138540213854021,167
c50_none,0,0,12740,167,NaN,0,NaN,43020,2,3,51,0.0138540213854021,167
adaboost_under,169,5725,4897,82,0.0286732270105192,0.673306772908366,0.0550040683482506,36241,4,4,50,0.021881294666262,168
adaboost_over,0,0,10622,251,NaN,0,NaN,36241,4,4,50,0.021881294666262,168
adaboost_smote,76,2258,8364,175,0.0325621251071123,0.302788844621514,0.0588007736943907,36241,4,4,50,0.021881294666262,168
adaboost_none,0,4,10618,251,0,0,NaN,36241,4,4,50,0.021881294666262,168
xgboost_under,150,4497,6125,101,0.0322788896061975,0.597609561752988,0.0612494895875868,36241,4,4,50,0.021881294666262,168
xgboost_over,53,1350,9272,198,0.037776193870278,0.211155378486056,0.064087061668682,36241,4,4,50,0.021881294666262,168
xgboost_smote,85,2008,8614,166,0.0406115623506928,0.338645418326693,0.0725255972696246,36241,4,4,50,0.021881294666262,168
xgboost_none,0,0,10622,251,NaN,0,NaN,36241,4,4,50,0.021881294666262,168
randomforest_under,151,4208,6414,100,0.0346409727001606,0.601593625498008,0.0655097613882863,36241,4,4,50,0.021881294666262,168
randomforest_over,0,0,10622,251,NaN,0,NaN,36241,4,4,50,0.021881294666262,168
randomforest_smote,17,344,10278,234,0.0470914127423823,0.0677290836653386,0.0555555555555556,36241,4,4,50,0.021881294666262,168
randomforest_none,0,0,10622,251,NaN,0,NaN,36241,4,4,50,0.021881294666262,168
c50_under,148,5009,5613,103,0.0286988559239868,0.589641434262948,0.0547337278106509,36241,4,4,50,0.021881294666262,168
c50_over,6,352,10270,245,0.0167597765363128,0.0239043824701195,0.0197044334975369,36241,4,4,50,0.021881294666262,168
c50_smote,73,2700,7922,178,0.0263252794807068,0.290836653386454,0.0482804232804233,36241,4,4,50,0.021881294666262,168
c50_none,0,0,10622,251,NaN,0,NaN,36241,4,4,50,0.021881294666262,168
adaboost_under,215,7477,6612,115,0.0279511180447218,0.651515151515151,0.0536025928696086,48063,4,3,43,0.0233651665522335,169
adaboost_over,0,4,14085,330,0,0,NaN,48063,4,3,43,0.0233651665522335,169
adaboost_smote,99,3091,10998,231,0.0310344827586207,0.3,0.05625,48063,4,3,43,0.0233651665522335,169
adaboost_none,1,0,14089,329,1,0.00303030303030303,0.00604229607250755,48063,4,3,43,0.0233651665522335,169
xgboost_under,198,6028,8061,132,0.0318021201413428,0.6,0.0604026845637584,48063,4,3,43,0.0233651665522335,169
xgboost_over,88,2325,11764,242,0.0364691255698301,0.266666666666667,0.0641633248268319,48063,4,3,43,0.0233651665522335,169
xgboost_smote,108,2734,11355,222,0.0380014074595355,0.327272727272727,0.0680958385876419,48063,4,3,43,0.0233651665522335,169
xgboost_none,0,0,14089,330,NaN,0,NaN,48063,4,3,43,0.0233651665522335,169
randomforest_under,212,5838,8251,118,0.0350413223140496,0.642424242424242,0.0664576802507837,48063,4,3,43,0.0233651665522335,169
randomforest_over,0,0,14089,330,NaN,0,NaN,48063,4,3,43,0.0233651665522335,169
randomforest_smote,17,476,13613,313,0.0344827586206897,0.0515151515151515,0.0413122721749696,48063,4,3,43,0.0233651665522335,169
randomforest_none,0,0,14089,330,NaN,0,NaN,48063,4,3,43,0.0233651665522335,169
c50_under,168,6610,7479,162,0.024786072587784,0.509090909090909,0.0472706809229038,48063,4,3,43,0.0233651665522335,169
c50_over,11,443,13646,319,0.0242290748898678,0.0333333333333333,0.0280612244897959,48063,4,3,43,0.0233651665522335,169
c50_smote,109,4305,9784,221,0.0246941549614862,0.33030303030303,0.0459527824620573,48063,4,3,43,0.0233651665522335,169
c50_none,0,0,14089,330,NaN,0,NaN,48063,4,3,43,0.0233651665522335,169
adaboost_under,83,7027,6857,47,0.0116736990154712,0.638461538461538,0.0229281767955801,46710,4,5,44,0.00954827660029972,170
adaboost_over,0,1,13883,130,0,0,NaN,46710,4,5,44,0.00954827660029972,170
adaboost_smote,35,2692,11192,95,0.0128346167950128,0.269230769230769,0.0245012250612531,46710,4,5,44,0.00954827660029972,170
adaboost_none,0,0,13884,130,NaN,0,NaN,46710,4,5,44,0.00954827660029972,170
xgboost_under,75,5856,8028,55,0.0126454223571067,0.576923076923077,0.024748391354562,46710,4,5,44,0.00954827660029972,170
xgboost_over,15,1199,12685,115,0.0123558484349259,0.115384615384615,0.0223214285714286,46710,4,5,44,0.00954827660029972,170
xgboost_smote,24,2392,11492,106,0.00993377483443709,0.184615384615385,0.01885310290652,46710,4,5,44,0.00954827660029972,170
xgboost_none,0,0,13884,130,NaN,0,NaN,46710,4,5,44,0.00954827660029972,170
randomforest_under,70,5534,8350,60,0.0124910778015703,0.538461538461538,0.0244157656086502,46710,4,5,44,0.00954827660029972,170
randomforest_over,0,0,13884,130,NaN,0,NaN,46710,4,5,44,0.00954827660029972,170
randomforest_smote,5,387,13497,125,0.0127551020408163,0.0384615384615385,0.0191570881226054,46710,4,5,44,0.00954827660029972,170
randomforest_none,0,0,13884,130,NaN,0,NaN,46710,4,5,44,0.00954827660029972,170
c50_under,61,5662,8222,69,0.0106587454132448,0.469230769230769,0.0208440116179737,46710,4,5,44,0.00954827660029972,170
c50_over,3,241,13643,127,0.0122950819672131,0.0230769230769231,0.0160427807486631,46710,4,5,44,0.00954827660029972,170
c50_smote,32,3762,10122,98,0.00843437005798629,0.246153846153846,0.0163098878695209,46710,4,5,44,0.00954827660029972,170
c50_none,0,0,13884,130,NaN,0,NaN,46710,4,5,44,0.00954827660029972,170
adaboost_under,123,5811,5248,50,0.0207280080889788,0.710982658959538,0.0402816440150647,37437,3,3,33,0.0160536367764511,171
adaboost_over,0,1,11058,173,0,0,NaN,37437,3,3,33,0.0160536367764511,171
adaboost_smote,51,2298,8761,122,0.0217113665389527,0.294797687861272,0.0404440919904837,37437,3,3,33,0.0160536367764511,171
adaboost_none,0,11,11048,173,0,0,NaN,37437,3,3,33,0.0160536367764511,171
xgboost_under,105,4500,6559,68,0.0228013029315961,0.606936416184971,0.0439514441188782,37437,3,3,33,0.0160536367764511,171
xgboost_over,36,1210,9849,137,0.028892455858748,0.208092485549133,0.0507399577167019,37437,3,3,33,0.0160536367764511,171
xgboost_smote,68,2195,8864,105,0.0300486080424216,0.393063583815029,0.0558292282430213,37437,3,3,33,0.0160536367764511,171
xgboost_none,0,0,11059,173,NaN,0,NaN,37437,3,3,33,0.0160536367764511,171
randomforest_under,118,4417,6642,55,0.0260198456449835,0.682080924855491,0.0501274426508071,37437,3,3,33,0.0160536367764511,171
randomforest_over,0,0,11059,173,NaN,0,NaN,37437,3,3,33,0.0160536367764511,171
randomforest_smote,13,448,10611,160,0.0281995661605206,0.0751445086705202,0.0410094637223975,37437,3,3,33,0.0160536367764511,171
randomforest_none,0,0,11059,173,NaN,0,NaN,37437,3,3,33,0.0160536367764511,171
c50_under,103,5331,5728,70,0.0189547294810453,0.595375722543353,0.0367397895487783,37437,3,3,33,0.0160536367764511,171
c50_over,5,287,10772,168,0.0171232876712329,0.0289017341040462,0.021505376344086,37437,3,3,33,0.0160536367764511,171
c50_smote,59,3484,7575,114,0.0166525543324866,0.341040462427746,0.0317545748116254,37437,3,3,33,0.0160536367764511,171
c50_none,0,0,11059,173,NaN,0,NaN,37437,3,3,33,0.0160536367764511,171
adaboost_under,147,6764,5534,79,0.021270438431486,0.650442477876106,0.0411937788986969,41745,4,3,45,0.0168163851958318,172
adaboost_over,0,0,12298,226,NaN,0,NaN,41745,4,3,45,0.0168163851958318,172
adaboost_smote,71,2529,9769,155,0.0273076923076923,0.314159292035398,0.0502476999292286,41745,4,3,45,0.0168163851958318,172
adaboost_none,1,3,12295,225,0.25,0.00442477876106195,0.00869565217391304,41745,4,3,45,0.0168163851958318,172
xgboost_under,128,5237,7061,98,0.0238583410997204,0.566371681415929,0.0457878733679127,41745,4,3,45,0.0168163851958318,172
xgboost_over,47,1595,10703,179,0.0286236297198538,0.207964601769911,0.050321199143469,41745,4,3,45,0.0168163851958318,172
xgboost_smote,67,2432,9866,159,0.0268107242897159,0.29646017699115,0.0491743119266055,41745,4,3,45,0.0168163851958318,172
xgboost_none,0,0,12298,226,NaN,0,NaN,41745,4,3,45,0.0168163851958318,172
randomforest_under,133,4821,7477,93,0.0268469923294308,0.588495575221239,0.0513513513513513,41745,4,3,45,0.0168163851958318,172
randomforest_over,0,0,12298,226,NaN,0,NaN,41745,4,3,45,0.0168163851958318,172
randomforest_smote,22,452,11846,204,0.0464135021097046,0.0973451327433628,0.0628571428571429,41745,4,3,45,0.0168163851958318,172
randomforest_none,0,0,12298,226,NaN,0,NaN,41745,4,3,45,0.0168163851958318,172
c50_under,136,5598,6700,90,0.0237181723055459,0.601769911504425,0.0456375838926174,41745,4,3,45,0.0168163851958318,172
c50_over,8,290,12008,218,0.0268456375838926,0.0353982300884956,0.0305343511450382,41745,4,3,45,0.0168163851958318,172
c50_smote,86,3476,8822,140,0.0241437394722066,0.380530973451327,0.0454065469904963,41745,4,3,45,0.0168163851958318,172
c50_none,0,0,12298,226,NaN,0,NaN,41745,4,3,45,0.0168163851958318,172
adaboost_under,208,7770,6971,90,0.0260716971672098,0.697986577181208,0.0502658289028516,50129,4,5,51,0.0214247242115342,173
adaboost_over,0,0,14741,298,NaN,0,NaN,50129,4,5,51,0.0214247242115342,173
adaboost_smote,81,3236,11505,217,0.0244196563159481,0.271812080536913,0.0448132780082988,50129,4,5,51,0.0214247242115342,173
adaboost_none,0,3,14738,298,0,0,NaN,50129,4,5,51,0.0214247242115342,173
xgboost_under,178,6152,8589,120,0.0281200631911532,0.597315436241611,0.0537115268557634,50129,4,5,51,0.0214247242115342,173
xgboost_over,78,2345,12396,220,0.0321914981427982,0.261744966442953,0.0573318632855568,50129,4,5,51,0.0214247242115342,173
xgboost_smote,91,2888,11853,207,0.0305471634776771,0.305369127516779,0.0555386023802258,50129,4,5,51,0.0214247242115342,173
xgboost_none,0,0,14741,298,NaN,0,NaN,50129,4,5,51,0.0214247242115342,173
randomforest_under,193,5810,8931,105,0.0321505913709812,0.647651006711409,0.0612601174416759,50129,4,5,51,0.0214247242115342,173
randomforest_over,0,0,14741,298,NaN,0,NaN,50129,4,5,51,0.0214247242115342,173
randomforest_smote,16,503,14238,282,0.0308285163776493,0.0536912751677852,0.0391676866585067,50129,4,5,51,0.0214247242115342,173
randomforest_none,0,0,14741,298,NaN,0,NaN,50129,4,5,51,0.0214247242115342,173
c50_under,196,7978,6763,102,0.0239784683141669,0.657718120805369,0.0462700661000944,50129,4,5,51,0.0214247242115342,173
c50_over,14,491,14250,284,0.0277227722772277,0.0469798657718121,0.0348692403486924,50129,4,5,51,0.0214247242115342,173
c50_smote,84,3801,10940,214,0.0216216216216216,0.281879194630872,0.0401625627540043,50129,4,5,51,0.0214247242115342,173
c50_none,0,0,14741,298,NaN,0,NaN,50129,4,5,51,0.0214247242115342,173
adaboost_under,69,6665,5043,38,0.0102465102465102,0.644859813084112,0.0201724894021342,39381,2,2,38,0.00947157258576471,174
adaboost_over,0,0,11708,107,NaN,0,NaN,39381,2,2,38,0.00947157258576471,174
adaboost_smote,27,2308,9400,80,0.0115631691648822,0.252336448598131,0.0221130221130221,39381,2,2,38,0.00947157258576471,174
adaboost_none,0,2,11706,107,0,0,NaN,39381,2,2,38,0.00947157258576471,174
xgboost_under,52,5100,6608,55,0.0100931677018634,0.485981308411215,0.0197756227419662,39381,2,2,38,0.00947157258576471,174
xgboost_over,14,945,10763,93,0.0145985401459854,0.130841121495327,0.0262664165103189,39381,2,2,38,0.00947157258576471,174
xgboost_smote,31,2062,9646,76,0.0148112756808409,0.289719626168224,0.0281818181818182,39381,2,2,38,0.00947157258576471,174
xgboost_none,0,0,11708,107,NaN,0,NaN,39381,2,2,38,0.00947157258576471,174
randomforest_under,61,4536,7172,46,0.0132695236023494,0.570093457943925,0.0259353741496599,39381,2,2,38,0.00947157258576471,174
randomforest_over,0,0,11708,107,NaN,0,NaN,39381,2,2,38,0.00947157258576471,174
randomforest_smote,8,413,11295,99,0.0190023752969121,0.0747663551401869,0.0303030303030303,39381,2,2,38,0.00947157258576471,174
randomforest_none,0,0,11708,107,NaN,0,NaN,39381,2,2,38,0.00947157258576471,174
c50_under,61,5373,6335,46,0.0112256164887744,0.570093457943925,0.0220176863382061,39381,2,2,38,0.00947157258576471,174
c50_over,0,169,11539,107,0,0,NaN,39381,2,2,38,0.00947157258576471,174
c50_smote,31,3431,8277,76,0.00895436164067013,0.289719626168224,0.0173718128327263,39381,2,2,38,0.00947157258576471,174
c50_none,0,0,11708,107,NaN,0,NaN,39381,2,2,38,0.00947157258576471,174
adaboost_under,74,7049,5657,39,0.0103888810894286,0.654867256637168,0.0204532891100055,42727,4,3,40,0.0100404896201465,175
adaboost_over,0,2,12704,113,0,0,NaN,42727,4,3,40,0.0100404896201465,175
adaboost_smote,27,2871,9835,86,0.0093167701863354,0.238938053097345,0.0179342411159083,42727,4,3,40,0.0100404896201465,175
adaboost_none,0,0,12706,113,NaN,0,NaN,42727,4,3,40,0.0100404896201465,175
xgboost_under,61,5503,7203,52,0.0109633357296909,0.539823008849557,0.0214902237097058,42727,4,3,40,0.0100404896201465,175
xgboost_over,13,1064,11642,100,0.0120705663881151,0.115044247787611,0.0218487394957983,42727,4,3,40,0.0100404896201465,175
xgboost_smote,26,2339,10367,87,0.0109936575052854,0.230088495575221,0.0209846650524617,42727,4,3,40,0.0100404896201465,175
xgboost_none,0,0,12706,113,NaN,0,NaN,42727,4,3,40,0.0100404896201465,175
randomforest_under,58,5031,7675,55,0.0113971310670073,0.513274336283186,0.0222991157247213,42727,4,3,40,0.0100404896201465,175
randomforest_over,0,0,12706,113,NaN,0,NaN,42727,4,3,40,0.0100404896201465,175
randomforest_smote,6,520,12186,107,0.0114068441064639,0.0530973451327434,0.0187793427230047,42727,4,3,40,0.0100404896201465,175
randomforest_none,0,0,12706,113,NaN,0,NaN,42727,4,3,40,0.0100404896201465,175
c50_under,66,6281,6425,47,0.0103986135181976,0.584070796460177,0.0204334365325077,42727,4,3,40,0.0100404896201465,175
c50_over,0,195,12511,113,0,0,NaN,42727,4,3,40,0.0100404896201465,175
c50_smote,35,3259,9447,78,0.0106253794778385,0.309734513274336,0.0205459348400352,42727,4,3,40,0.0100404896201465,175
c50_none,0,0,12706,113,NaN,0,NaN,42727,4,3,40,0.0100404896201465,175
adaboost_under,75,5847,5325,37,0.0126646403242148,0.669642857142857,0.0248591315876699,37612,4,4,40,0.0109273636073594,176
adaboost_over,0,0,11172,112,NaN,0,NaN,37612,4,4,40,0.0109273636073594,176
adaboost_smote,34,2226,8946,78,0.0150442477876106,0.303571428571429,0.0286677908937605,37612,4,4,40,0.0109273636073594,176
adaboost_none,0,0,11172,112,NaN,0,NaN,37612,4,4,40,0.0109273636073594,176
xgboost_under,65,4598,6574,47,0.0139395239116449,0.580357142857143,0.0272251308900524,37612,4,4,40,0.0109273636073594,176
xgboost_over,6,1026,10146,106,0.00581395348837209,0.0535714285714286,0.0104895104895105,37612,4,4,40,0.0109273636073594,176
xgboost_smote,30,1990,9182,82,0.0148514851485149,0.267857142857143,0.0281425891181989,37612,4,4,40,0.0109273636073594,176
xgboost_none,0,0,11172,112,NaN,0,NaN,37612,4,4,40,0.0109273636073594,176
randomforest_under,70,4684,6488,42,0.014724442574674,0.625,0.0287710645293876,37612,4,4,40,0.0109273636073594,176
randomforest_over,0,0,11172,112,NaN,0,NaN,37612,4,4,40,0.0109273636073594,176
randomforest_smote,7,435,10737,105,0.0158371040723982,0.0625,0.0252707581227437,37612,4,4,40,0.0109273636073594,176
randomforest_none,0,0,11172,112,NaN,0,NaN,37612,4,4,40,0.0109273636073594,176
c50_under,73,6263,4909,39,0.0115214646464646,0.651785714285714,0.0226426799007444,37612,4,4,40,0.0109273636073594,176
c50_over,1,150,11022,111,0.00662251655629139,0.00892857142857143,0.00760456273764259,37612,4,4,40,0.0109273636073594,176
c50_smote,40,2846,8326,72,0.0138600138600139,0.357142857142857,0.0266844563042028,37612,4,4,40,0.0109273636073594,176
c50_none,0,0,11172,112,NaN,0,NaN,37612,4,4,40,0.0109273636073594,176
adaboost_under,145,7134,5547,61,0.0199203187250996,0.703883495145631,0.0387441549766199,42956,5,5,46,0.0154576776236149,177
adaboost_over,0,0,12681,206,NaN,0,NaN,42956,5,5,46,0.0154576776236149,177
adaboost_smote,57,2632,10049,149,0.0211974711788769,0.276699029126214,0.0393782383419689,42956,5,5,46,0.0154576776236149,177
adaboost_none,0,4,12677,206,0,0,NaN,42956,5,5,46,0.0154576776236149,177
xgboost_under,123,5629,7052,83,0.0213838664812239,0.597087378640777,0.0412890231621349,42956,5,5,46,0.0154576776236149,177
xgboost_over,35,1363,11318,171,0.025035765379113,0.169902912621359,0.043640897755611,42956,5,5,46,0.0154576776236149,177
xgboost_smote,60,2342,10339,146,0.0249791840133222,0.29126213592233,0.0460122699386503,42956,5,5,46,0.0154576776236149,177
xgboost_none,0,0,12681,206,NaN,0,NaN,42956,5,5,46,0.0154576776236149,177
randomforest_under,119,5128,7553,87,0.0226796264532114,0.577669902912621,0.0436456996148909,42956,5,5,46,0.0154576776236149,177
randomforest_over,0,0,12681,206,NaN,0,NaN,42956,5,5,46,0.0154576776236149,177
randomforest_smote,13,363,12318,193,0.0345744680851064,0.0631067961165049,0.0446735395189003,42956,5,5,46,0.0154576776236149,177
randomforest_none,0,0,12681,206,NaN,0,NaN,42956,5,5,46,0.0154576776236149,177
c50_under,110,6259,6422,96,0.0172711571675302,0.533980582524272,0.0334600760456274,42956,5,5,46,0.0154576776236149,177
c50_over,6,273,12408,200,0.021505376344086,0.029126213592233,0.0247422680412371,42956,5,5,46,0.0154576776236149,177
c50_smote,62,3038,9643,144,0.02,0.300970873786408,0.0375075620084694,42956,5,5,46,0.0154576776236149,177
c50_none,0,0,12681,206,NaN,0,NaN,42956,5,5,46,0.0154576776236149,177
adaboost_under,90,6729,5675,44,0.0131984161900572,0.671641791044776,0.0258881058535884,41792,2,2,28,0.00942764165390505,178
adaboost_over,0,0,12404,134,NaN,0,NaN,41792,2,2,28,0.00942764165390505,178
adaboost_smote,41,2679,9725,93,0.0150735294117647,0.305970149253731,0.0287316047652418,41792,2,2,28,0.00942764165390505,178
adaboost_none,0,2,12402,134,0,0,NaN,41792,2,2,28,0.00942764165390505,178
xgboost_under,80,5670,6734,54,0.0139130434782609,0.597014925373134,0.0271923861318831,41792,2,2,28,0.00942764165390505,178
xgboost_over,20,983,11421,114,0.0199401794616152,0.149253731343284,0.0351802990325418,41792,2,2,28,0.00942764165390505,178
xgboost_smote,38,2223,10181,96,0.0168067226890756,0.283582089552239,0.0317327766179541,41792,2,2,28,0.00942764165390505,178
xgboost_none,0,0,12404,134,NaN,0,NaN,41792,2,2,28,0.00942764165390505,178
randomforest_under,77,4989,7415,57,0.0151993683379392,0.574626865671642,0.0296153846153846,41792,2,2,28,0.00942764165390505,178
randomforest_over,0,0,12404,134,NaN,0,NaN,41792,2,2,28,0.00942764165390505,178
randomforest_smote,7,620,11784,127,0.0111642743221691,0.0522388059701493,0.0183968462549277,41792,2,2,28,0.00942764165390505,178
randomforest_none,0,0,12404,134,NaN,0,NaN,41792,2,2,28,0.00942764165390505,178
c50_under,93,6929,5475,41,0.0132440900028482,0.694029850746269,0.0259921743991056,41792,2,2,28,0.00942764165390505,178
c50_over,5,178,12226,129,0.0273224043715847,0.0373134328358209,0.0315457413249211,41792,2,2,28,0.00942764165390505,178
c50_smote,31,3145,9259,103,0.00976070528967254,0.23134328358209,0.0187311178247734,41792,2,2,28,0.00942764165390505,178
c50_none,0,0,12404,134,NaN,0,NaN,41792,2,2,28,0.00942764165390505,178
adaboost_under,153,6466,5923,76,0.0231152742106058,0.668122270742358,0.0446845794392523,42058,6,5,45,0.0176660801749964,179
adaboost_over,0,0,12389,229,NaN,0,NaN,42058,6,5,45,0.0176660801749964,179
adaboost_smote,64,2710,9679,165,0.023071377072819,0.279475982532751,0.0426240426240426,42058,6,5,45,0.0176660801749964,179
adaboost_none,0,2,12387,229,0,0,NaN,42058,6,5,45,0.0176660801749964,179
xgboost_under,138,5044,7345,91,0.0266306445387881,0.602620087336245,0.0510072075401959,42058,6,5,45,0.0176660801749964,179
xgboost_over,40,1616,10773,189,0.0241545893719807,0.174672489082969,0.0424403183023873,42058,6,5,45,0.0176660801749964,179
xgboost_smote,68,2412,9977,161,0.0274193548387097,0.296943231441048,0.050203026947213,42058,6,5,45,0.0176660801749964,179
xgboost_none,0,0,12389,229,NaN,0,NaN,42058,6,5,45,0.0176660801749964,179
randomforest_under,134,4988,7401,95,0.02616165560328,0.585152838427948,0.0500840964305737,42058,6,5,45,0.0176660801749964,179
randomforest_over,0,0,12389,229,NaN,0,NaN,42058,6,5,45,0.0176660801749964,179
randomforest_smote,15,388,12001,214,0.0372208436724566,0.0655021834061135,0.0474683544303797,42058,6,5,45,0.0176660801749964,179
randomforest_none,0,0,12389,229,NaN,0,NaN,42058,6,5,45,0.0176660801749964,179
c50_under,132,5694,6695,97,0.0226570545829042,0.576419213973799,0.0436003303055326,42058,6,5,45,0.0176660801749964,179
c50_over,6,353,12036,223,0.0167130919220056,0.0262008733624454,0.0204081632653061,42058,6,5,45,0.0176660801749964,179
c50_smote,76,3273,9116,153,0.0226933412959092,0.331877729257642,0.0424818334264952,42058,6,5,45,0.0176660801749964,179
c50_none,0,0,12389,229,NaN,0,NaN,42058,6,5,45,0.0176660801749964,179
adaboost_under,85,6604,5087,41,0.0127074301091344,0.674603174603175,0.02494497432135,39387,2,3,38,0.0110188640922132,180
adaboost_over,1,2,11689,125,0.333333333333333,0.00793650793650794,0.0155038759689922,39387,2,3,38,0.0110188640922132,180
adaboost_smote,29,2516,9175,97,0.0113948919449902,0.23015873015873,0.0217147135904156,39387,2,3,38,0.0110188640922132,180
adaboost_none,0,2,11689,126,0,0,NaN,39387,2,3,38,0.0110188640922132,180
xgboost_under,72,5078,6613,54,0.0139805825242718,0.571428571428571,0.0272934040940106,39387,2,3,38,0.0110188640922132,180
xgboost_over,18,1080,10611,108,0.0163934426229508,0.142857142857143,0.0294117647058824,39387,2,3,38,0.0110188640922132,180
xgboost_smote,41,2186,9505,85,0.0184104176021554,0.325396825396825,0.0348491287717807,39387,2,3,38,0.0110188640922132,180
xgboost_none,0,0,11691,126,NaN,0,NaN,39387,2,3,38,0.0110188640922132,180
randomforest_under,83,5096,6595,43,0.0160262598957328,0.658730158730159,0.0312912346842601,39387,2,3,38,0.0110188640922132,180
randomforest_over,0,0,11691,126,NaN,0,NaN,39387,2,3,38,0.0110188640922132,180
randomforest_smote,8,516,11175,118,0.0152671755725191,0.0634920634920635,0.0246153846153846,39387,2,3,38,0.0110188640922132,180
randomforest_none,0,1,11690,126,0,0,NaN,39387,2,3,38,0.0110188640922132,180
c50_under,91,7785,3906,35,0.0115540883697308,0.722222222222222,0.0227443139215196,39387,2,3,38,0.0110188640922132,180
c50_over,2,226,11465,124,0.0087719298245614,0.0158730158730159,0.0112994350282486,39387,2,3,38,0.0110188640922132,180
c50_smote,52,4028,7663,74,0.0127450980392157,0.412698412698413,0.0247265810746553,39387,2,3,38,0.0110188640922132,180
c50_none,0,0,11691,126,NaN,0,NaN,39387,2,3,38,0.0110188640922132,180
adaboost_under,134,6596,5403,65,0.0199108469539376,0.673366834170854,0.0386780199162938,40659,2,3,38,0.0179542044811727,181
adaboost_over,0,2,11997,199,0,0,NaN,40659,2,3,38,0.0179542044811727,181
adaboost_smote,60,2643,9356,139,0.0221975582685905,0.301507537688442,0.0413507925568573,40659,2,3,38,0.0179542044811727,181
adaboost_none,0,8,11991,199,0,0,NaN,40659,2,3,38,0.0179542044811727,181
xgboost_under,122,5069,6930,77,0.0235022153727605,0.613065326633166,0.0452690166975881,40659,2,3,38,0.0179542044811727,181
xgboost_over,56,1668,10331,143,0.0324825986078886,0.281407035175879,0.0582423296931877,40659,2,3,38,0.0179542044811727,181
xgboost_smote,59,2404,9595,140,0.023954526999594,0.296482412060302,0.0443275732531931,40659,2,3,38,0.0179542044811727,181
xgboost_none,0,0,11999,199,NaN,0,NaN,40659,2,3,38,0.0179542044811727,181
randomforest_under,117,4611,7388,82,0.024746192893401,0.587939698492462,0.0474934036939314,40659,2,3,38,0.0179542044811727,181
randomforest_over,0,0,11999,199,NaN,0,NaN,40659,2,3,38,0.0179542044811727,181
randomforest_smote,20,584,11415,179,0.033112582781457,0.100502512562814,0.049813200498132,40659,2,3,38,0.0179542044811727,181
randomforest_none,0,0,11999,199,NaN,0,NaN,40659,2,3,38,0.0179542044811727,181
c50_under,127,6372,5627,72,0.0195414679181413,0.638190954773869,0.0379217676918483,40659,2,3,38,0.0179542044811727,181
c50_over,5,314,11685,194,0.0156739811912226,0.0251256281407035,0.0193050193050193,40659,2,3,38,0.0179542044811727,181
c50_smote,84,3826,8173,115,0.0214833759590793,0.422110552763819,0.0408858603066439,40659,2,3,38,0.0179542044811727,181
c50_none,0,0,11999,199,NaN,0,NaN,40659,2,3,38,0.0179542044811727,181
adaboost_under,105,7455,5608,61,0.0138888888888889,0.632530120481928,0.0271809474501683,44096,2,3,37,0.0136293541364296,182
adaboost_over,0,0,13063,166,NaN,0,NaN,44096,2,3,37,0.0136293541364296,182
adaboost_smote,54,2790,10273,112,0.0189873417721519,0.325301204819277,0.0358803986710963,44096,2,3,37,0.0136293541364296,182
adaboost_none,0,2,13061,166,0,0,NaN,44096,2,3,37,0.0136293541364296,182
xgboost_under,93,5282,7781,73,0.0173023255813953,0.560240963855422,0.0335679480238224,44096,2,3,37,0.0136293541364296,182
xgboost_over,34,1788,11275,132,0.0186608122941822,0.204819277108434,0.03420523138833,44096,2,3,37,0.0136293541364296,182
xgboost_smote,46,2482,10581,120,0.0181962025316456,0.27710843373494,0.0341499628804751,44096,2,3,37,0.0136293541364296,182
xgboost_none,0,0,13063,166,NaN,0,NaN,44096,2,3,37,0.0136293541364296,182
randomforest_under,102,5297,7766,64,0.0188923874791628,0.614457831325301,0.0366576819407008,44096,2,3,37,0.0136293541364296,182
randomforest_over,0,0,13063,166,NaN,0,NaN,44096,2,3,37,0.0136293541364296,182
randomforest_smote,26,709,12354,140,0.0353741496598639,0.156626506024096,0.0577136514983352,44096,2,3,37,0.0136293541364296,182
randomforest_none,0,0,13063,166,NaN,0,NaN,44096,2,3,37,0.0136293541364296,182
c50_under,129,9681,3382,37,0.0131498470948012,0.77710843373494,0.0258620689655172,44096,2,3,37,0.0136293541364296,182
c50_over,7,259,12804,159,0.0263157894736842,0.0421686746987952,0.0324074074074074,44096,2,3,37,0.0136293541364296,182
c50_smote,52,3590,9473,114,0.014277869302581,0.313253012048193,0.0273109243697479,44096,2,3,37,0.0136293541364296,182
c50_none,0,0,13063,166,NaN,0,NaN,44096,2,3,37,0.0136293541364296,182
adaboost_under,95,7264,6368,46,0.0129093626851474,0.673758865248227,0.0253333333333333,45907,4,5,50,0.00993312566710959,183
adaboost_over,0,1,13631,141,0,0,NaN,45907,4,5,50,0.00993312566710959,183
adaboost_smote,40,2737,10895,101,0.0144040331292762,0.283687943262411,0.0274160383824537,45907,4,5,50,0.00993312566710959,183
adaboost_none,0,3,13629,141,0,0,NaN,45907,4,5,50,0.00993312566710959,183
xgboost_under,72,5749,7883,69,0.0123690087613812,0.51063829787234,0.0241529688024153,45907,4,5,50,0.00993312566710959,183
xgboost_over,16,1032,12600,125,0.0152671755725191,0.113475177304965,0.0269133725820017,45907,4,5,50,0.00993312566710959,183
xgboost_smote,33,2423,11209,108,0.0134364820846906,0.234042553191489,0.0254139391605699,45907,4,5,50,0.00993312566710959,183
xgboost_none,0,0,13632,141,NaN,0,NaN,45907,4,5,50,0.00993312566710959,183
randomforest_under,85,5525,8107,56,0.0151515151515152,0.602836879432624,0.0295600765084333,45907,4,5,50,0.00993312566710959,183
randomforest_over,0,0,13632,141,NaN,0,NaN,45907,4,5,50,0.00993312566710959,183
randomforest_smote,7,402,13230,134,0.0171149144254279,0.049645390070922,0.0254545454545455,45907,4,5,50,0.00993312566710959,183
randomforest_none,0,0,13632,141,NaN,0,NaN,45907,4,5,50,0.00993312566710959,183
c50_under,75,5719,7913,66,0.0129444252675181,0.531914893617021,0.025273799494524,45907,4,5,50,0.00993312566710959,183
c50_over,2,156,13476,139,0.0126582278481013,0.0141843971631206,0.0133779264214047,45907,4,5,50,0.00993312566710959,183
c50_smote,44,3408,10224,97,0.0127462340672074,0.312056737588652,0.0244920679098247,45907,4,5,50,0.00993312566710959,183
c50_none,0,0,13632,141,NaN,0,NaN,45907,4,5,50,0.00993312566710959,183
adaboost_under,133,5880,5220,60,0.0221187427240978,0.689119170984456,0.0428617466967451,37641,5,5,39,0.015169628862145,184
adaboost_over,0,2,11098,193,0,0,NaN,37641,5,5,39,0.015169628862145,184
adaboost_smote,59,2399,8701,134,0.0240032546786005,0.305699481865285,0.044511505092418,37641,5,5,39,0.015169628862145,184
adaboost_none,0,1,11099,193,0,0,NaN,37641,5,5,39,0.015169628862145,184
xgboost_under,117,4942,6158,76,0.0231271002174343,0.606217616580311,0.0445544554455446,37641,5,5,39,0.015169628862145,184
xgboost_over,47,1423,9677,146,0.0319727891156463,0.243523316062176,0.0565243535778713,37641,5,5,39,0.015169628862145,184
xgboost_smote,55,2135,8965,138,0.0251141552511416,0.284974093264249,0.0461603021401595,37641,5,5,39,0.015169628862145,184
xgboost_none,0,0,11100,193,NaN,0,NaN,37641,5,5,39,0.015169628862145,184
randomforest_under,117,4667,6433,76,0.0244565217391304,0.606217616580311,0.0470162748643761,37641,5,5,39,0.015169628862145,184
randomforest_over,0,0,11100,193,NaN,0,NaN,37641,5,5,39,0.015169628862145,184
randomforest_smote,19,499,10601,174,0.0366795366795367,0.0984455958549223,0.0534458509142054,37641,5,5,39,0.015169628862145,184
randomforest_none,0,0,11100,193,NaN,0,NaN,37641,5,5,39,0.015169628862145,184
c50_under,107,5087,6013,86,0.0206006931074317,0.55440414507772,0.03972526452571,37641,5,5,39,0.015169628862145,184
c50_over,1,238,10862,192,0.00418410041841004,0.00518134715025907,0.00462962962962963,37641,5,5,39,0.015169628862145,184
c50_smote,95,3689,7411,98,0.0251057082452431,0.492227979274611,0.0477747045511692,37641,5,5,39,0.015169628862145,184
c50_none,0,0,11100,193,NaN,0,NaN,37641,5,5,39,0.015169628862145,184
adaboost_under,107,6606,5713,51,0.0159392224042902,0.677215189873418,0.0311453936835977,41587,3,3,47,0.0118787120975305,185
adaboost_over,0,0,12319,158,NaN,0,NaN,41587,3,3,47,0.0118787120975305,185
adaboost_smote,48,2448,9871,110,0.0192307692307692,0.30379746835443,0.0361718161266014,41587,3,3,47,0.0118787120975305,185
adaboost_none,0,0,12319,158,NaN,0,NaN,41587,3,3,47,0.0118787120975305,185
xgboost_under,76,5250,7069,82,0.0142696207285017,0.481012658227848,0.0277169948942378,41587,3,3,47,0.0118787120975305,185
xgboost_over,26,1307,11012,132,0.0195048762190548,0.164556962025316,0.0348759221998659,41587,3,3,47,0.0118787120975305,185
xgboost_smote,43,2111,10208,115,0.0199628597957289,0.272151898734177,0.03719723183391,41587,3,3,47,0.0118787120975305,185
xgboost_none,0,0,12319,158,NaN,0,NaN,41587,3,3,47,0.0118787120975305,185
randomforest_under,93,5011,7308,65,0.0182210031347962,0.588607594936709,0.0353477765108324,41587,3,3,47,0.0118787120975305,185
randomforest_over,0,0,12319,158,NaN,0,NaN,41587,3,3,47,0.0118787120975305,185
randomforest_smote,9,344,11975,149,0.0254957507082153,0.0569620253164557,0.0352250489236791,41587,3,3,47,0.0118787120975305,185
randomforest_none,0,0,12319,158,NaN,0,NaN,41587,3,3,47,0.0118787120975305,185
c50_under,99,5855,6464,59,0.0166274773261673,0.626582278481013,0.0323952879581152,41587,3,3,47,0.0118787120975305,185
c50_over,6,219,12100,152,0.0266666666666667,0.0379746835443038,0.031331592689295,41587,3,3,47,0.0118787120975305,185
c50_smote,42,3092,9227,116,0.013401403956605,0.265822784810127,0.0255164034021871,41587,3,3,47,0.0118787120975305,185
c50_none,0,0,12319,158,NaN,0,NaN,41587,3,3,47,0.0118787120975305,185
adaboost_under,123,6175,5421,59,0.0195300095268339,0.675824175824176,0.037962962962963,39258,4,4,49,0.0170920576697743,186
adaboost_over,0,1,11595,182,0,0,NaN,39258,4,4,49,0.0170920576697743,186
adaboost_smote,54,2352,9244,128,0.0224438902743142,0.296703296703297,0.0417310664605873,39258,4,4,49,0.0170920576697743,186
adaboost_none,0,6,11590,182,0,0,NaN,39258,4,4,49,0.0170920576697743,186
xgboost_under,112,5017,6579,70,0.0218366153246247,0.615384615384615,0.0421766145735266,39258,4,4,49,0.0170920576697743,186
xgboost_over,32,1394,10202,150,0.0224403927068724,0.175824175824176,0.0398009950248756,39258,4,4,49,0.0170920576697743,186
xgboost_smote,43,2117,9479,139,0.0199074074074074,0.236263736263736,0.0367207514944492,39258,4,4,49,0.0170920576697743,186
xgboost_none,0,0,11596,182,NaN,0,NaN,39258,4,4,49,0.0170920576697743,186
randomforest_under,103,4819,6777,79,0.0209264526615197,0.565934065934066,0.0403605015673981,39258,4,4,49,0.0170920576697743,186
randomforest_over,0,0,11596,182,NaN,0,NaN,39258,4,4,49,0.0170920576697743,186
randomforest_smote,12,450,11146,170,0.025974025974026,0.0659340659340659,0.0372670807453416,39258,4,4,49,0.0170920576697743,186
randomforest_none,0,0,11596,182,NaN,0,NaN,39258,4,4,49,0.0170920576697743,186
c50_under,88,5469,6127,94,0.0158358826705057,0.483516483516484,0.0306673636522042,39258,4,4,49,0.0170920576697743,186
c50_over,6,290,11306,176,0.0202702702702703,0.032967032967033,0.0251046025104603,39258,4,4,49,0.0170920576697743,186
c50_smote,63,3202,8394,119,0.0192955589586524,0.346153846153846,0.0365535248041775,39258,4,4,49,0.0170920576697743,186
c50_none,0,0,11596,182,NaN,0,NaN,39258,4,4,49,0.0170920576697743,186
adaboost_under,109,6636,5288,60,0.0161601186063751,0.644970414201183,0.0315302285218397,40310,4,5,51,0.0152319523691392,187
adaboost_over,0,1,11923,169,0,0,NaN,40310,4,5,51,0.0152319523691392,187
adaboost_smote,49,2423,9501,120,0.0198220064724919,0.289940828402367,0.037107156380159,40310,4,5,51,0.0152319523691392,187
adaboost_none,1,2,11922,168,0.333333333333333,0.00591715976331361,0.0116279069767442,40310,4,5,51,0.0152319523691392,187
xgboost_under,100,5283,6641,69,0.0185770016719301,0.591715976331361,0.0360230547550432,40310,4,5,51,0.0152319523691392,187
xgboost_over,30,1447,10477,139,0.02031144211239,0.177514792899408,0.0364520048602673,40310,4,5,51,0.0152319523691392,187
xgboost_smote,52,2065,9859,117,0.0245630609352858,0.307692307692308,0.0454943132108486,40310,4,5,51,0.0152319523691392,187
xgboost_none,0,0,11924,169,NaN,0,NaN,40310,4,5,51,0.0152319523691392,187
randomforest_under,97,5007,6917,72,0.0190047021943574,0.57396449704142,0.0367912004551489,40310,4,5,51,0.0152319523691392,187
randomforest_over,0,0,11924,169,NaN,0,NaN,40310,4,5,51,0.0152319523691392,187
randomforest_smote,10,295,11629,159,0.0327868852459016,0.0591715976331361,0.0421940928270042,40310,4,5,51,0.0152319523691392,187
randomforest_none,0,0,11924,169,NaN,0,NaN,40310,4,5,51,0.0152319523691392,187
c50_under,89,5994,5930,80,0.0146309386815716,0.526627218934911,0.0284708893154191,40310,4,5,51,0.0152319523691392,187
c50_over,2,277,11647,167,0.00716845878136201,0.0118343195266272,0.00892857142857143,40310,4,5,51,0.0152319523691392,187
c50_smote,53,3073,8851,116,0.0169545745361484,0.313609467455621,0.0321699544764795,40310,4,5,51,0.0152319523691392,187
c50_none,0,0,11924,169,NaN,0,NaN,40310,4,5,51,0.0152319523691392,187
adaboost_under,79,5703,5247,39,0.0136630923555863,0.669491525423729,0.0267796610169492,36893,2,3,38,0.0101645298566124,188
adaboost_over,0,1,10949,118,0,0,NaN,36893,2,3,38,0.0101645298566124,188
adaboost_smote,29,2313,8637,89,0.0123825789923143,0.245762711864407,0.0235772357723577,36893,2,3,38,0.0101645298566124,188
adaboost_none,0,2,10948,118,0,0,NaN,36893,2,3,38,0.0101645298566124,188
xgboost_under,65,4844,6106,53,0.0132409859441842,0.550847457627119,0.0258603540879252,36893,2,3,38,0.0101645298566124,188
xgboost_over,16,951,9999,102,0.0165460186142709,0.135593220338983,0.0294930875576037,36893,2,3,38,0.0101645298566124,188
xgboost_smote,29,2015,8935,89,0.014187866927593,0.245762711864407,0.0268270120259019,36893,2,3,38,0.0101645298566124,188
xgboost_none,0,0,10950,118,NaN,0,NaN,36893,2,3,38,0.0101645298566124,188
randomforest_under,66,4519,6431,52,0.0143947655398037,0.559322033898305,0.0280671911545822,36893,2,3,38,0.0101645298566124,188
randomforest_over,0,0,10950,118,NaN,0,NaN,36893,2,3,38,0.0101645298566124,188
randomforest_smote,11,457,10493,107,0.0235042735042735,0.0932203389830508,0.037542662116041,36893,2,3,38,0.0101645298566124,188
randomforest_none,0,0,10950,118,NaN,0,NaN,36893,2,3,38,0.0101645298566124,188
c50_under,61,4456,6494,57,0.0135045384104494,0.516949152542373,0.0263214670981661,36893,2,3,38,0.0101645298566124,188
c50_over,1,184,10766,117,0.00540540540540541,0.00847457627118644,0.0066006600660066,36893,2,3,38,0.0101645298566124,188
c50_smote,35,3058,7892,83,0.0113158745554478,0.296610169491525,0.0218000622858922,36893,2,3,38,0.0101645298566124,188
c50_none,0,0,10950,118,NaN,0,NaN,36893,2,3,38,0.0101645298566124,188
adaboost_under,149,5842,4891,61,0.0248706392922717,0.70952380952381,0.0480567650378971,36475,3,3,47,0.0214941740918437,189
adaboost_over,0,3,10730,210,0,0,NaN,36475,3,3,47,0.0214941740918437,189
adaboost_smote,71,2323,8410,139,0.0296574770258981,0.338095238095238,0.054531490015361,36475,3,3,47,0.0214941740918437,189
adaboost_none,0,0,10733,210,NaN,0,NaN,36475,3,3,47,0.0214941740918437,189
xgboost_under,133,4814,5919,77,0.0268849807964423,0.633333333333333,0.051580376187706,36475,3,3,47,0.0214941740918437,189
xgboost_over,49,1628,9105,161,0.0292188431723315,0.233333333333333,0.0519342872284049,36475,3,3,47,0.0214941740918437,189
xgboost_smote,61,2170,8563,149,0.027341999103541,0.29047619047619,0.0499795165915608,36475,3,3,47,0.0214941740918437,189
xgboost_none,0,0,10733,210,NaN,0,NaN,36475,3,3,47,0.0214941740918437,189
randomforest_under,121,4532,6201,89,0.0260047281323877,0.576190476190476,0.049763520460621,36475,3,3,47,0.0214941740918437,189
randomforest_over,0,0,10733,210,NaN,0,NaN,36475,3,3,47,0.0214941740918437,189
randomforest_smote,21,429,10304,189,0.0466666666666667,0.1,0.0636363636363636,36475,3,3,47,0.0214941740918437,189
randomforest_none,0,0,10733,210,NaN,0,NaN,36475,3,3,47,0.0214941740918437,189
c50_under,109,5147,5586,101,0.020738203957382,0.519047619047619,0.039882912550311,36475,3,3,47,0.0214941740918437,189
c50_over,4,333,10400,206,0.0118694362017804,0.019047619047619,0.0146252285191956,36475,3,3,47,0.0214941740918437,189
c50_smote,80,2710,8023,130,0.028673835125448,0.380952380952381,0.0533333333333333,36475,3,3,47,0.0214941740918437,189
c50_none,0,0,10733,210,NaN,0,NaN,36475,3,3,47,0.0214941740918437,189
adaboost_under,103,4971,4723,58,0.020299566417028,0.639751552795031,0.0393505253104107,32848,4,5,50,0.015860935216756,190
adaboost_over,0,1,9693,161,0,0,NaN,32848,4,5,50,0.015860935216756,190
adaboost_smote,42,1846,7848,119,0.0222457627118644,0.260869565217391,0.04099560761347,32848,4,5,50,0.015860935216756,190
adaboost_none,0,3,9691,161,0,0,NaN,32848,4,5,50,0.015860935216756,190
xgboost_under,90,4079,5615,71,0.0215879107699688,0.559006211180124,0.0415704387990762,32848,4,5,50,0.015860935216756,190
xgboost_over,29,1074,8620,132,0.0262919310970082,0.180124223602484,0.0458860759493671,32848,4,5,50,0.015860935216756,190
xgboost_smote,39,1804,7890,122,0.0211611502984265,0.242236024844721,0.0389221556886228,32848,4,5,50,0.015860935216756,190
xgboost_none,0,0,9694,161,NaN,0,NaN,32848,4,5,50,0.015860935216756,190
randomforest_under,94,3910,5784,67,0.0234765234765235,0.583850931677019,0.0451380552220888,32848,4,5,50,0.015860935216756,190
randomforest_over,0,0,9694,161,NaN,0,NaN,32848,4,5,50,0.015860935216756,190
randomforest_smote,6,353,9341,155,0.0167130919220056,0.0372670807453416,0.0230769230769231,32848,4,5,50,0.015860935216756,190
randomforest_none,0,0,9694,161,NaN,0,NaN,32848,4,5,50,0.015860935216756,190
c50_under,84,4760,4934,77,0.0173410404624277,0.521739130434783,0.0335664335664336,32848,4,5,50,0.015860935216756,190
c50_over,2,218,9476,159,0.00909090909090909,0.0124223602484472,0.010498687664042,32848,4,5,50,0.015860935216756,190
c50_smote,48,2685,7009,113,0.017563117453348,0.298136645962733,0.0331720801658604,32848,4,5,50,0.015860935216756,190
c50_none,0,0,9694,161,NaN,0,NaN,32848,4,5,50,0.015860935216756,190
adaboost_under,99,7376,5478,54,0.0132441471571906,0.647058823529412,0.0259570005243838,43355,2,1,48,0.0122477222926998,191
adaboost_over,0,0,12854,153,NaN,0,NaN,43355,2,1,48,0.0122477222926998,191
adaboost_smote,42,2607,10247,111,0.0158550396375991,0.274509803921569,0.0299785867237687,43355,2,1,48,0.0122477222926998,191
adaboost_none,0,1,12853,153,0,0,NaN,43355,2,1,48,0.0122477222926998,191
xgboost_under,83,5705,7149,70,0.0143400138217001,0.542483660130719,0.0279414240026932,43355,2,1,48,0.0122477222926998,191
xgboost_over,29,1345,11509,124,0.0211062590975255,0.189542483660131,0.0379829731499673,43355,2,1,48,0.0122477222926998,191
xgboost_smote,45,2492,10362,108,0.0177374852187623,0.294117647058824,0.033457249070632,43355,2,1,48,0.0122477222926998,191
xgboost_none,0,0,12854,153,NaN,0,NaN,43355,2,1,48,0.0122477222926998,191
randomforest_under,80,5418,7436,73,0.0145507457257184,0.522875816993464,0.0283135728189701,43355,2,1,48,0.0122477222926998,191
randomforest_over,0,0,12854,153,NaN,0,NaN,43355,2,1,48,0.0122477222926998,191
randomforest_smote,12,488,12366,141,0.024,0.0784313725490196,0.0367534456355283,43355,2,1,48,0.0122477222926998,191
randomforest_none,0,0,12854,153,NaN,0,NaN,43355,2,1,48,0.0122477222926998,191
c50_under,64,5618,7236,89,0.011263639563534,0.418300653594771,0.021936589545844,43355,2,1,48,0.0122477222926998,191
c50_over,5,281,12573,148,0.0174825174825175,0.0326797385620915,0.0227790432801822,43355,2,1,48,0.0122477222926998,191
c50_smote,50,3633,9221,103,0.013575889220744,0.326797385620915,0.0260688216892596,43355,2,1,48,0.0122477222926998,191
c50_none,0,0,12854,153,NaN,0,NaN,43355,2,1,48,0.0122477222926998,191
adaboost_under,126,6432,5520,42,0.0192131747483989,0.75,0.0374665477252453,40397,4,3,35,0.0148278337500309,192
adaboost_over,0,1,11951,168,0,0,NaN,40397,4,3,35,0.0148278337500309,192
adaboost_smote,48,2586,9366,120,0.0182232346241458,0.285714285714286,0.0342612419700214,40397,4,3,35,0.0148278337500309,192
adaboost_none,0,1,11951,168,0,0,NaN,40397,4,3,35,0.0148278337500309,192
xgboost_under,111,5064,6888,57,0.0214492753623188,0.660714285714286,0.0415496911847277,40397,4,3,35,0.0148278337500309,192
xgboost_over,35,1478,10474,133,0.023132848645076,0.208333333333333,0.0416418798334325,40397,4,3,35,0.0148278337500309,192
xgboost_smote,49,2343,9609,119,0.0204849498327759,0.291666666666667,0.03828125,40397,4,3,35,0.0148278337500309,192
xgboost_none,0,0,11952,168,NaN,0,NaN,40397,4,3,35,0.0148278337500309,192
randomforest_under,98,4976,6976,70,0.0193141505715412,0.583333333333333,0.0373903090423503,40397,4,3,35,0.0148278337500309,192
randomforest_over,0,0,11952,168,NaN,0,NaN,40397,4,3,35,0.0148278337500309,192
randomforest_smote,12,498,11454,156,0.0235294117647059,0.0714285714285714,0.0353982300884956,40397,4,3,35,0.0148278337500309,192
randomforest_none,0,0,11952,168,NaN,0,NaN,40397,4,3,35,0.0148278337500309,192
c50_under,104,6156,5796,64,0.0166134185303514,0.619047619047619,0.0323584318606098,40397,4,3,35,0.0148278337500309,192
c50_over,4,283,11669,164,0.0139372822299652,0.0238095238095238,0.0175824175824176,40397,4,3,35,0.0148278337500309,192
c50_smote,50,3389,8563,118,0.0145391102064554,0.297619047619048,0.0277238702522872,40397,4,3,35,0.0148278337500309,192
c50_none,0,0,11952,168,NaN,0,NaN,40397,4,3,35,0.0148278337500309,192
adaboost_under,127,7378,5852,49,0.0169220519653564,0.721590909090909,0.0330686108579612,44686,4,4,41,0.0118829163496397,193
adaboost_over,0,1,13229,176,0,0,NaN,44686,4,4,41,0.0118829163496397,193
adaboost_smote,50,2656,10574,126,0.0184774575018477,0.284090909090909,0.0346981263011797,44686,4,4,41,0.0118829163496397,193
adaboost_none,0,0,13230,176,NaN,0,NaN,44686,4,4,41,0.0118829163496397,193
xgboost_under,94,5470,7760,82,0.0168943206326384,0.534090909090909,0.0327526132404181,44686,4,4,41,0.0118829163496397,193
xgboost_over,24,1161,12069,152,0.020253164556962,0.136363636363636,0.0352681851579721,44686,4,4,41,0.0118829163496397,193
xgboost_smote,46,2278,10952,130,0.0197934595524957,0.261363636363636,0.0368,44686,4,4,41,0.0118829163496397,193
xgboost_none,0,0,13230,176,NaN,0,NaN,44686,4,4,41,0.0118829163496397,193
randomforest_under,106,5031,8199,70,0.0206346116410356,0.602272727272727,0.0399021268586486,44686,4,4,41,0.0118829163496397,193
randomforest_over,0,0,13230,176,NaN,0,NaN,44686,4,4,41,0.0118829163496397,193
randomforest_smote,9,517,12713,167,0.0171102661596958,0.0511363636363636,0.0256410256410256,44686,4,4,41,0.0118829163496397,193
randomforest_none,0,0,13230,176,NaN,0,NaN,44686,4,4,41,0.0118829163496397,193
c50_under,96,6489,6741,80,0.0145785876993166,0.545454545454545,0.0283981659517823,44686,4,4,41,0.0118829163496397,193
c50_over,3,214,13016,173,0.0138248847926267,0.0170454545454545,0.0152671755725191,44686,4,4,41,0.0118829163496397,193
c50_smote,50,3508,9722,126,0.014052838673412,0.284090909090909,0.0267809319764328,44686,4,4,41,0.0118829163496397,193
c50_none,0,0,13230,176,NaN,0,NaN,44686,4,4,41,0.0118829163496397,193
adaboost_under,120,8462,6843,64,0.0139827546026567,0.652173913043478,0.027378507871321,51630,4,4,41,0.0124539996126283,194
adaboost_over,0,0,15305,184,NaN,0,NaN,51630,4,4,41,0.0124539996126283,194
adaboost_smote,64,3169,12136,120,0.0197958552428085,0.347826086956522,0.0374597600234124,51630,4,4,41,0.0124539996126283,194
adaboost_none,0,2,15303,184,0,0,NaN,51630,4,4,41,0.0124539996126283,194
xgboost_under,102,6437,8868,82,0.0155987153999082,0.554347826086957,0.0303435966086569,51630,4,4,41,0.0124539996126283,194
xgboost_over,35,1896,13409,149,0.018125323666494,0.190217391304348,0.033096926713948,51630,4,4,41,0.0124539996126283,194
xgboost_smote,52,2843,12462,132,0.0179620034542314,0.282608695652174,0.0337772003897369,51630,4,4,41,0.0124539996126283,194
xgboost_none,0,0,15305,184,NaN,0,NaN,51630,4,4,41,0.0124539996126283,194
randomforest_under,104,5855,9450,80,0.0174525927168988,0.565217391304348,0.0338596776819144,51630,4,4,41,0.0124539996126283,194
randomforest_over,0,0,15305,184,NaN,0,NaN,51630,4,4,41,0.0124539996126283,194
randomforest_smote,17,589,14716,167,0.0280528052805281,0.0923913043478261,0.0430379746835443,51630,4,4,41,0.0124539996126283,194
randomforest_none,0,0,15305,184,NaN,0,NaN,51630,4,4,41,0.0124539996126283,194
c50_under,44,3428,11877,140,0.0126728110599078,0.239130434782609,0.0240700218818381,51630,4,4,41,0.0124539996126283,194
c50_over,3,304,15001,181,0.00977198697068404,0.016304347826087,0.0122199592668024,51630,4,4,41,0.0124539996126283,194
c50_smote,54,3695,11610,130,0.0144038410242731,0.293478260869565,0.0274599542334096,51630,4,4,41,0.0124539996126283,194
c50_none,0,0,15305,184,NaN,0,NaN,51630,4,4,41,0.0124539996126283,194
adaboost_under,92,6076,5629,51,0.0149156939040208,0.643356643356643,0.0291554428775155,39493,4,3,41,0.0130656065631884,195
adaboost_over,0,1,11704,143,0,0,NaN,39493,4,3,41,0.0130656065631884,195
adaboost_smote,48,2416,9289,95,0.0194805194805195,0.335664335664336,0.0368239355581128,39493,4,3,41,0.0130656065631884,195
adaboost_none,0,1,11704,143,0,0,NaN,39493,4,3,41,0.0130656065631884,195
xgboost_under,88,4901,6804,55,0.017638805371818,0.615384615384615,0.034294621979735,39493,4,3,41,0.0130656065631884,195
xgboost_over,21,1128,10577,122,0.0182767624020888,0.146853146853147,0.0325077399380805,39493,4,3,41,0.0130656065631884,195
xgboost_smote,40,2073,9632,103,0.0189304306672977,0.27972027972028,0.0354609929078014,39493,4,3,41,0.0130656065631884,195
xgboost_none,0,0,11705,143,NaN,0,NaN,39493,4,3,41,0.0130656065631884,195
randomforest_under,94,4621,7084,49,0.0199363732767762,0.657342657342657,0.038699053108275,39493,4,3,41,0.0130656065631884,195
randomforest_over,0,0,11705,143,NaN,0,NaN,39493,4,3,41,0.0130656065631884,195
randomforest_smote,7,424,11281,136,0.0162412993039443,0.048951048951049,0.024390243902439,39493,4,3,41,0.0130656065631884,195
randomforest_none,0,0,11705,143,NaN,0,NaN,39493,4,3,41,0.0130656065631884,195
c50_under,94,7214,4491,49,0.0128626163108922,0.657342657342657,0.0252315125486512,39493,4,3,41,0.0130656065631884,195
c50_over,9,238,11467,134,0.0364372469635627,0.0629370629370629,0.0461538461538462,39493,4,3,41,0.0130656065631884,195
c50_smote,60,3534,8171,83,0.01669449081803,0.41958041958042,0.0321113192400321,39493,4,3,41,0.0130656065631884,195
c50_none,0,0,11705,143,NaN,0,NaN,39493,4,3,41,0.0130656065631884,195
adaboost_under,125,5435,4594,63,0.0224820143884892,0.664893617021277,0.0434933890048713,34055,3,3,45,0.0184994861253854,196
adaboost_over,0,0,10029,188,NaN,0,NaN,34055,3,3,45,0.0184994861253854,196
adaboost_smote,61,2161,7868,127,0.0274527452745275,0.324468085106383,0.0506224066390041,34055,3,3,45,0.0184994861253854,196
adaboost_none,0,6,10023,188,0,0,NaN,34055,3,3,45,0.0184994861253854,196
xgboost_under,114,4396,5633,74,0.0252771618625277,0.606382978723404,0.0485312899106003,34055,3,3,45,0.0184994861253854,196
xgboost_over,41,1293,8736,147,0.0307346326836582,0.218085106382979,0.0538764783180026,34055,3,3,45,0.0184994861253854,196
xgboost_smote,57,1841,8188,131,0.030031612223393,0.303191489361702,0.0546500479386385,34055,3,3,45,0.0184994861253854,196
xgboost_none,0,1,10028,188,0,0,NaN,34055,3,3,45,0.0184994861253854,196
randomforest_under,111,3977,6052,77,0.0271526418786693,0.590425531914894,0.0519176800748363,34055,3,3,45,0.0184994861253854,196
randomforest_over,0,0,10029,188,NaN,0,NaN,34055,3,3,45,0.0184994861253854,196
randomforest_smote,8,342,9687,180,0.0228571428571429,0.0425531914893617,0.0297397769516729,34055,3,3,45,0.0184994861253854,196
randomforest_none,0,0,10029,188,NaN,0,NaN,34055,3,3,45,0.0184994861253854,196
c50_under,98,4388,5641,90,0.021845742309407,0.521276595744681,0.0419341035515618,34055,3,3,45,0.0184994861253854,196
c50_over,5,226,9803,183,0.0216450216450216,0.0265957446808511,0.0238663484486874,34055,3,3,45,0.0184994861253854,196
c50_smote,58,2922,7107,130,0.0194630872483221,0.308510638297872,0.0366161616161616,34055,3,3,45,0.0184994861253854,196
c50_none,0,0,10029,188,NaN,0,NaN,34055,3,3,45,0.0184994861253854,196
adaboost_under,148,6519,4968,46,0.0221988900554972,0.762886597938144,0.0431423990671914,38936,4,3,46,0.0161033490856791,197
adaboost_over,0,1,11486,194,0,0,NaN,38936,4,3,46,0.0161033490856791,197
adaboost_smote,60,2540,8947,134,0.0230769230769231,0.309278350515464,0.0429491768074445,38936,4,3,46,0.0161033490856791,197
adaboost_none,0,9,11478,194,0,0,NaN,38936,4,3,46,0.0161033490856791,197
xgboost_under,118,4976,6511,76,0.0231645072634472,0.608247422680412,0.0446293494704992,38936,4,3,46,0.0161033490856791,197
xgboost_over,39,1294,10193,155,0.0292573143285821,0.201030927835052,0.0510805500982318,38936,4,3,46,0.0161033490856791,197
xgboost_smote,58,2240,9247,136,0.0252393385552654,0.298969072164948,0.0465489566613162,38936,4,3,46,0.0161033490856791,197
xgboost_none,0,0,11487,194,NaN,0,NaN,38936,4,3,46,0.0161033490856791,197
randomforest_under,118,4737,6750,76,0.0243048403707518,0.608247422680412,0.0467419290948703,38936,4,3,46,0.0161033490856791,197
randomforest_over,0,0,11487,194,NaN,0,NaN,38936,4,3,46,0.0161033490856791,197
randomforest_smote,12,396,11091,182,0.0294117647058824,0.0618556701030928,0.0398671096345515,38936,4,3,46,0.0161033490856791,197
randomforest_none,0,0,11487,194,NaN,0,NaN,38936,4,3,46,0.0161033490856791,197
c50_under,23,753,10734,171,0.029639175257732,0.118556701030928,0.0474226804123711,38936,4,3,46,0.0161033490856791,197
c50_over,3,259,11228,191,0.0114503816793893,0.0154639175257732,0.0131578947368421,38936,4,3,46,0.0161033490856791,197
c50_smote,58,2954,8533,136,0.0192563081009296,0.298969072164948,0.0361821584529008,38936,4,3,46,0.0161033490856791,197
c50_none,0,0,11487,194,NaN,0,NaN,38936,4,3,46,0.0161033490856791,197
adaboost_under,119,6045,4686,50,0.0193056456846204,0.70414201183432,0.0375809253118585,36331,4,5,43,0.015881753874102,198
adaboost_over,0,0,10731,169,NaN,0,NaN,36331,4,5,43,0.015881753874102,198
adaboost_smote,51,2214,8517,118,0.0225165562913907,0.301775147928994,0.0419063270336894,36331,4,5,43,0.015881753874102,198
adaboost_none,0,6,10725,169,0,0,NaN,36331,4,5,43,0.015881753874102,198
xgboost_under,101,4265,6466,68,0.0231333027943197,0.597633136094675,0.044542447629548,36331,4,5,43,0.015881753874102,198
xgboost_over,25,1142,9589,144,0.0214224507283633,0.14792899408284,0.0374251497005988,36331,4,5,43,0.015881753874102,198
xgboost_smote,39,2082,8649,130,0.0183875530410184,0.230769230769231,0.034061135371179,36331,4,5,43,0.015881753874102,198
xgboost_none,0,0,10731,169,NaN,0,NaN,36331,4,5,43,0.015881753874102,198
randomforest_under,105,4314,6417,64,0.0237610319076714,0.621301775147929,0.0457715780296425,36331,4,5,43,0.015881753874102,198
randomforest_over,0,0,10731,169,NaN,0,NaN,36331,4,5,43,0.015881753874102,198
randomforest_smote,8,394,10337,161,0.0199004975124378,0.0473372781065089,0.0280210157618214,36331,4,5,43,0.015881753874102,198
randomforest_none,0,0,10731,169,NaN,0,NaN,36331,4,5,43,0.015881753874102,198
c50_under,91,4658,6073,78,0.0191619288271215,0.538461538461538,0.0370069133794225,36331,4,5,43,0.015881753874102,198
c50_over,6,214,10517,163,0.0272727272727273,0.0355029585798817,0.0308483290488432,36331,4,5,43,0.015881753874102,198
c50_smote,59,3368,7363,110,0.0172162241027137,0.349112426035503,0.0328142380422692,36331,4,5,43,0.015881753874102,198
c50_none,0,0,10731,169,NaN,0,NaN,36331,4,5,43,0.015881753874102,198
adaboost_under,136,5349,5021,92,0.0247948951686418,0.596491228070175,0.0476107124102923,35325,4,4,43,0.0239773531493277,199
adaboost_over,0,0,10370,228,NaN,0,NaN,35325,4,4,43,0.0239773531493277,199
adaboost_smote,54,2314,8056,174,0.0228040540540541,0.236842105263158,0.0416024653312789,35325,4,4,43,0.0239773531493277,199
adaboost_none,0,6,10364,228,0,0,NaN,35325,4,4,43,0.0239773531493277,199
xgboost_under,125,4214,6156,103,0.0288084812168702,0.548245614035088,0.0547405298883293,35325,4,4,43,0.0239773531493277,199
xgboost_over,56,1483,8887,172,0.0363872644574399,0.245614035087719,0.0633842671194114,35325,4,4,43,0.0239773531493277,199
xgboost_smote,66,2072,8298,162,0.0308699719363891,0.289473684210526,0.0557903634826712,35325,4,4,43,0.0239773531493277,199
xgboost_none,0,0,10370,228,NaN,0,NaN,35325,4,4,43,0.0239773531493277,199
randomforest_under,131,4111,6259,97,0.0308816595945309,0.574561403508772,0.0586129753914989,35325,4,4,43,0.0239773531493277,199
randomforest_over,0,0,10370,228,NaN,0,NaN,35325,4,4,43,0.0239773531493277,199
randomforest_smote,13,389,9981,215,0.0323383084577114,0.0570175438596491,0.0412698412698413,35325,4,4,43,0.0239773531493277,199
randomforest_none,0,0,10370,228,NaN,0,NaN,35325,4,4,43,0.0239773531493277,199
c50_under,135,5140,5230,93,0.0255924170616114,0.592105263157895,0.0490641468290024,35325,4,4,43,0.0239773531493277,199
c50_over,12,337,10033,216,0.0343839541547278,0.0526315789473684,0.0415944540727903,35325,4,4,43,0.0239773531493277,199
c50_smote,75,3113,7257,153,0.023525721455458,0.328947368421053,0.0439110070257611,35325,4,4,43,0.0239773531493277,199
c50_none,0,0,10370,228,NaN,0,NaN,35325,4,4,43,0.0239773531493277,199
adaboost_under,135,7088,5420,51,0.0186902948913194,0.725806451612903,0.0364421649345391,42312,4,4,44,0.0148421251654377,200
adaboost_over,0,0,12508,186,NaN,0,NaN,42312,4,4,44,0.0148421251654377,200
adaboost_smote,44,2621,9887,142,0.0165103189493433,0.236559139784946,0.0308663626797615,42312,4,4,44,0.0148421251654377,200
adaboost_none,0,2,12506,186,0,0,NaN,42312,4,4,44,0.0148421251654377,200
xgboost_under,103,5517,6991,83,0.0183274021352313,0.553763440860215,0.0354805373751292,42312,4,4,44,0.0148421251654377,200
xgboost_over,29,1456,11052,157,0.0195286195286195,0.155913978494624,0.0347097546379413,42312,4,4,44,0.0148421251654377,200
xgboost_smote,42,2293,10215,144,0.0179871520342612,0.225806451612903,0.0333201110670369,42312,4,4,44,0.0148421251654377,200
xgboost_none,0,0,12508,186,NaN,0,NaN,42312,4,4,44,0.0148421251654377,200
randomforest_under,106,5082,7426,80,0.020431765612953,0.56989247311828,0.0394491998511351,42312,4,4,44,0.0148421251654377,200
randomforest_over,0,0,12508,186,NaN,0,NaN,42312,4,4,44,0.0148421251654377,200
randomforest_smote,6,417,12091,180,0.0141843971631206,0.032258064516129,0.0197044334975369,42312,4,4,44,0.0148421251654377,200
randomforest_none,0,0,12508,186,NaN,0,NaN,42312,4,4,44,0.0148421251654377,200
c50_under,104,6242,6266,82,0.0163882760794201,0.559139784946237,0.031843233312921,42312,4,4,44,0.0148421251654377,200
c50_over,2,254,12254,184,0.0078125,0.010752688172043,0.00904977375565611,42312,4,4,44,0.0148421251654377,200
c50_smote,59,3573,8935,127,0.0162444933920705,0.317204301075269,0.0309062336301729,42312,4,4,44,0.0148421251654377,200
c50_none,0,0,12508,186,NaN,0,NaN,42312,4,4,44,0.0148421251654377,200
